model,condition,meeting_size,split,turns_per_speaker,order,k_max,threshold,chosen,clean_rate,split_extra_mean,merge_extra_mean,sessions_with_a_merge,sessions_with_a_split,speakers_evaluated,meetings
eres2netv2,clean,2,0,5,shuffled,,0.2000,0,0.255000,1.045000,0.560000,184,246,16,400
eres2netv2,clean,2,0,5,shuffled,,0.2200,0,0.325000,1.062500,0.425000,143,246,16,400
eres2netv2,clean,2,0,5,shuffled,,0.2400,0,0.345000,1.137500,0.372500,127,246,16,400
eres2netv2,clean,2,0,5,shuffled,,0.2600,0,0.282500,1.282500,0.302500,100,275,16,400
eres2netv2,clean,2,0,5,shuffled,,0.2800,0,0.217500,1.472500,0.255000,86,301,16,400
eres2netv2,clean,2,0,5,shuffled,,0.3000,0,0.217500,1.767500,0.207500,67,301,16,400
eres2netv2,clean,2,0,5,shuffled,,0.3200,0,0.242500,2.242500,0.165000,50,301,16,400
eres2netv2,clean,2,0,5,shuffled,,0.3400,0,0.242500,2.242500,0.132500,46,301,16,400
eres2netv2,clean,2,0,5,shuffled,,0.3600,0,0.247500,2.337500,0.062500,21,301,16,400
eres2netv2,clean,2,0,5,shuffled,,0.3800,0,0.195000,2.690000,0.050000,16,322,16,400
eres2netv2,clean,2,0,5,shuffled,,0.4000,0,0.195000,2.845000,0.037500,11,322,16,400
eres2netv2,clean,2,0,5,shuffled,,0.4200,0,0.195000,2.965000,0.037500,11,322,16,400
eres2netv2,clean,2,0,5,shuffled,,0.4400,1,0.195000,3.212500,0.022500,9,322,16,400
eres2netv2,clean,2,0,5,shuffled,,0.4600,0,0.195000,3.212500,0.022500,9,322,16,400
eres2netv2,clean,2,0,5,shuffled,,0.4800,0,0.130000,3.370000,0.012500,5,348,16,400
eres2netv2,clean,2,0,5,shuffled,,0.5000,0,0.130000,3.647500,0.007500,3,348,16,400
eres2netv2,clean,2,0,5,shuffled,,0.5200,0,0.057500,3.875000,0.007500,3,377,16,400
eres2netv2,clean,2,0,5,shuffled,,0.5400,0,0.030000,4.237500,0.007500,3,388,16,400
eres2netv2,clean,2,0,5,shuffled,,0.5600,0,0.010000,5.017500,0.007500,3,396,16,400
eres2netv2,clean,2,0,5,shuffled,,0.5800,0,0.000000,5.385000,0.007500,3,400,16,400
eres2netv2,clean,2,0,5,shuffled,,0.6000,0,0.000000,5.785000,0.007500,3,400,16,400
eres2netv2,clean,2,0,5,shuffled,,0.6200,0,0.000000,6.240000,0.007500,3,400,16,400
eres2netv2,clean,2,0,5,shuffled,,0.6400,0,0.000000,6.745000,0.007500,3,400,16,400
eres2netv2,clean,2,0,5,shuffled,,0.6600,0,0.000000,6.965000,0.007500,3,400,16,400
eres2netv2,clean,2,0,5,shuffled,,0.6800,0,0.000000,7.115000,0.007500,3,400,16,400
eres2netv2,clean,2,0,5,shuffled,,0.7000,0,0.000000,7.635000,0.000000,0,400,16,400
eres2netv2,clean,2,1,5,shuffled,,0.2000,0,0.375000,0.662500,0.300000,114,217,16,400
eres2netv2,clean,2,1,5,shuffled,,0.2200,0,0.417500,0.742500,0.227500,85,217,16,400
eres2netv2,clean,2,1,5,shuffled,,0.2400,0,0.435000,0.835000,0.180000,66,217,16,400
eres2netv2,clean,2,1,5,shuffled,,0.2600,0,0.450000,0.852500,0.122500,48,217,16,400
eres2netv2,clean,2,1,5,shuffled,,0.2800,0,0.375000,0.997500,0.090000,36,249,16,400
eres2netv2,clean,2,1,5,shuffled,,0.3000,0,0.375000,1.330000,0.072500,27,249,16,400
eres2netv2,clean,2,1,5,shuffled,,0.3200,0,0.307500,1.602500,0.052500,19,277,16,400
eres2netv2,clean,2,1,5,shuffled,,0.3400,0,0.307500,1.602500,0.042500,15,277,16,400
eres2netv2,clean,2,1,5,shuffled,,0.3600,0,0.307500,1.755000,0.030000,10,277,16,400
eres2netv2,clean,2,1,5,shuffled,,0.3800,0,0.197500,2.007500,0.025000,10,321,16,400
eres2netv2,clean,2,1,5,shuffled,,0.4000,0,0.130000,2.152500,0.020000,8,348,16,400
eres2netv2,clean,2,1,5,shuffled,,0.4200,0,0.062500,2.530000,0.015000,6,375,16,400
eres2netv2,clean,2,1,5,shuffled,,0.4400,0,0.062500,2.675000,0.000000,0,375,16,400
eres2netv2,clean,2,1,5,shuffled,,0.4600,0,0.062500,2.930000,0.000000,0,375,16,400
eres2netv2,clean,2,1,5,shuffled,,0.4800,1,0.037500,3.195000,0.000000,0,385,16,400
eres2netv2,clean,2,1,5,shuffled,,0.5000,0,0.037500,3.435000,0.000000,0,385,16,400
eres2netv2,clean,2,1,5,shuffled,,0.5200,0,0.020000,3.852500,0.000000,0,392,16,400
eres2netv2,clean,2,1,5,shuffled,,0.5400,0,0.020000,4.232500,0.000000,0,392,16,400
eres2netv2,clean,2,1,5,shuffled,,0.5600,0,0.007500,4.972500,0.000000,0,397,16,400
eres2netv2,clean,2,1,5,shuffled,,0.5800,0,0.000000,5.492500,0.000000,0,400,16,400
eres2netv2,clean,2,1,5,shuffled,,0.6000,0,0.000000,6.012500,0.000000,0,400,16,400
eres2netv2,clean,2,1,5,shuffled,,0.6200,0,0.000000,6.540000,0.000000,0,400,16,400
eres2netv2,clean,2,1,5,shuffled,,0.6400,0,0.000000,6.885000,0.000000,0,400,16,400
eres2netv2,clean,2,1,5,shuffled,,0.6600,0,0.000000,6.885000,0.000000,0,400,16,400
eres2netv2,clean,2,1,5,shuffled,,0.6800,0,0.000000,6.990000,0.000000,0,400,16,400
eres2netv2,clean,2,1,5,shuffled,,0.7000,0,0.000000,7.485000,0.000000,0,400,16,400
eres2netv2,clean,2,2,5,shuffled,,0.2000,0,0.367500,0.840000,0.422500,151,224,16,400
eres2netv2,clean,2,2,5,shuffled,,0.2200,0,0.392500,0.852500,0.307500,111,224,16,400
eres2netv2,clean,2,2,5,shuffled,,0.2400,0,0.402500,0.935000,0.245000,92,224,16,400
eres2netv2,clean,2,2,5,shuffled,,0.2600,0,0.302500,1.090000,0.202500,75,264,16,400
eres2netv2,clean,2,2,5,shuffled,,0.2800,0,0.225000,1.262500,0.140000,56,298,16,400
eres2netv2,clean,2,2,5,shuffled,,0.3000,0,0.227500,1.575000,0.122500,49,298,16,400
eres2netv2,clean,2,2,5,shuffled,,0.3200,0,0.192500,2.292500,0.090000,36,323,16,400
eres2netv2,clean,2,2,5,shuffled,,0.3400,0,0.192500,2.297500,0.080000,32,323,16,400
eres2netv2,clean,2,2,5,shuffled,,0.3600,0,0.142500,2.415000,0.047500,19,343,16,400
eres2netv2,clean,2,2,5,shuffled,,0.3800,0,0.102500,2.647500,0.042500,17,359,16,400
eres2netv2,clean,2,2,5,shuffled,,0.4000,0,0.102500,2.745000,0.037500,15,359,16,400
eres2netv2,clean,2,2,5,shuffled,,0.4200,1,0.102500,2.990000,0.015000,6,359,16,400
eres2netv2,clean,2,2,5,shuffled,,0.4400,0,0.082500,3.285000,0.010000,4,367,16,400
eres2netv2,clean,2,2,5,shuffled,,0.4600,0,0.082500,3.395000,0.000000,0,367,16,400
eres2netv2,clean,2,2,5,shuffled,,0.4800,0,0.082500,3.395000,0.000000,0,367,16,400
eres2netv2,clean,2,2,5,shuffled,,0.5000,0,0.067500,3.607500,0.000000,0,373,16,400
eres2netv2,clean,2,2,5,shuffled,,0.5200,0,0.027500,3.822500,0.000000,0,389,16,400
eres2netv2,clean,2,2,5,shuffled,,0.5400,0,0.007500,4.485000,0.000000,0,397,16,400
eres2netv2,clean,2,2,5,shuffled,,0.5600,0,0.007500,5.132500,0.000000,0,397,16,400
eres2netv2,clean,2,2,5,shuffled,,0.5800,0,0.000000,5.657500,0.000000,0,400,16,400
eres2netv2,clean,2,2,5,shuffled,,0.6000,0,0.000000,5.767500,0.000000,0,400,16,400
eres2netv2,clean,2,2,5,shuffled,,0.6200,0,0.000000,6.370000,0.000000,0,400,16,400
eres2netv2,clean,2,2,5,shuffled,,0.6400,0,0.000000,6.510000,0.000000,0,400,16,400
eres2netv2,clean,2,2,5,shuffled,,0.6600,0,0.000000,6.970000,0.000000,0,400,16,400
eres2netv2,clean,2,2,5,shuffled,,0.6800,0,0.000000,7.100000,0.000000,0,400,16,400
eres2netv2,clean,2,2,5,shuffled,,0.7000,0,0.000000,7.585000,0.000000,0,400,16,400
eres2netv2,clean,3,0,5,shuffled,,0.2000,0,0.070000,1.455000,1.225000,320,312,16,400
eres2netv2,clean,3,0,5,shuffled,,0.2200,0,0.130000,1.535000,0.927500,260,312,16,400
eres2netv2,clean,3,0,5,shuffled,,0.2400,0,0.150000,1.682500,0.775000,232,312,16,400
eres2netv2,clean,3,0,5,shuffled,,0.2600,0,0.097500,1.900000,0.622500,191,340,16,400
eres2netv2,clean,3,0,5,shuffled,,0.2800,0,0.060000,2.172500,0.465000,151,358,16,400
eres2netv2,clean,3,0,5,shuffled,,0.3000,0,0.060000,2.592500,0.392500,127,358,16,400
eres2netv2,clean,3,0,5,shuffled,,0.3200,0,0.092500,3.345000,0.325000,102,358,16,400
eres2netv2,clean,3,0,5,shuffled,,0.3400,0,0.092500,3.345000,0.285000,94,358,16,400
eres2netv2,clean,3,0,5,shuffled,,0.3600,0,0.105000,3.557500,0.130000,46,358,16,400
eres2netv2,clean,3,0,5,shuffled,,0.3800,0,0.065000,4.027500,0.107500,37,374,16,400
eres2netv2,clean,3,0,5,shuffled,,0.4000,0,0.065000,4.247500,0.080000,26,374,16,400
eres2netv2,clean,3,0,5,shuffled,,0.4200,0,0.065000,4.450000,0.080000,26,374,16,400
eres2netv2,clean,3,0,5,shuffled,,0.4400,1,0.065000,4.912500,0.042500,17,374,16,400
eres2netv2,clean,3,0,5,shuffled,,0.4600,0,0.065000,4.912500,0.042500,17,374,16,400
eres2netv2,clean,3,0,5,shuffled,,0.4800,0,0.042500,5.112500,0.027500,11,383,16,400
eres2netv2,clean,3,0,5,shuffled,,0.5000,0,0.042500,5.515000,0.022500,9,383,16,400
eres2netv2,clean,3,0,5,shuffled,,0.5200,0,0.005000,5.855000,0.022500,9,398,16,400
eres2netv2,clean,3,0,5,shuffled,,0.5400,0,0.002500,6.372500,0.022500,9,399,16,400
eres2netv2,clean,3,0,5,shuffled,,0.5600,0,0.000000,7.525000,0.022500,9,400,16,400
eres2netv2,clean,3,0,5,shuffled,,0.5800,0,0.000000,8.065000,0.022500,9,400,16,400
eres2netv2,clean,3,0,5,shuffled,,0.6000,0,0.000000,8.660000,0.022500,9,400,16,400
eres2netv2,clean,3,0,5,shuffled,,0.6200,0,0.000000,9.440000,0.022500,9,400,16,400
eres2netv2,clean,3,0,5,shuffled,,0.6400,0,0.000000,10.252500,0.022500,9,400,16,400
eres2netv2,clean,3,0,5,shuffled,,0.6600,0,0.000000,10.597500,0.022500,9,400,16,400
eres2netv2,clean,3,0,5,shuffled,,0.6800,0,0.000000,10.767500,0.022500,9,400,16,400
eres2netv2,clean,3,0,5,shuffled,,0.7000,0,0.000000,11.495000,0.000000,0,400,16,400
eres2netv2,clean,3,1,5,shuffled,,0.2000,0,0.172500,1.065000,0.907500,279,265,16,400
eres2netv2,clean,3,1,5,shuffled,,0.2200,0,0.212500,1.142500,0.792500,250,265,16,400
eres2netv2,clean,3,1,5,shuffled,,0.2400,0,0.280000,1.287500,0.650000,209,265,16,400
eres2netv2,clean,3,1,5,shuffled,,0.2600,0,0.312500,1.367500,0.512500,169,265,16,400
eres2netv2,clean,3,1,5,shuffled,,0.2800,0,0.182500,1.707500,0.430000,150,326,16,400
eres2netv2,clean,3,1,5,shuffled,,0.3000,0,0.182500,2.232500,0.365000,129,326,16,400
eres2netv2,clean,3,1,5,shuffled,,0.3200,0,0.150000,2.585000,0.272500,95,340,16,400
eres2netv2,clean,3,1,5,shuffled,,0.3400,0,0.150000,2.585000,0.220000,76,340,16,400
eres2netv2,clean,3,1,5,shuffled,,0.3600,0,0.150000,2.800000,0.157500,54,340,16,400
eres2netv2,clean,3,1,5,shuffled,,0.3800,0,0.040000,3.222500,0.135000,54,384,16,400
eres2netv2,clean,3,1,5,shuffled,,0.4000,0,0.020000,3.400000,0.107500,43,392,16,400
eres2netv2,clean,3,1,5,shuffled,,0.4200,0,0.010000,3.910000,0.090000,36,396,16,400
eres2netv2,clean,3,1,5,shuffled,,0.4400,0,0.010000,4.090000,0.000000,0,396,16,400
eres2netv2,clean,3,1,5,shuffled,,0.4600,0,0.010000,4.430000,0.000000,0,396,16,400
eres2netv2,clean,3,1,5,shuffled,,0.4800,1,0.010000,4.775000,0.000000,0,396,16,400
eres2netv2,clean,3,1,5,shuffled,,0.5000,0,0.010000,5.130000,0.000000,0,396,16,400
eres2netv2,clean,3,1,5,shuffled,,0.5200,0,0.002500,5.720000,0.000000,0,399,16,400
eres2netv2,clean,3,1,5,shuffled,,0.5400,0,0.002500,6.335000,0.000000,0,399,16,400
eres2netv2,clean,3,1,5,shuffled,,0.5600,0,0.000000,7.485000,0.000000,0,400,16,400
eres2netv2,clean,3,1,5,shuffled,,0.5800,0,0.000000,8.190000,0.000000,0,400,16,400
eres2netv2,clean,3,1,5,shuffled,,0.6000,0,0.000000,8.915000,0.000000,0,400,16,400
eres2netv2,clean,3,1,5,shuffled,,0.6200,0,0.000000,9.755000,0.000000,0,400,16,400
eres2netv2,clean,3,1,5,shuffled,,0.6400,0,0.000000,10.370000,0.000000,0,400,16,400
eres2netv2,clean,3,1,5,shuffled,,0.6600,0,0.000000,10.370000,0.000000,0,400,16,400
eres2netv2,clean,3,1,5,shuffled,,0.6800,0,0.000000,10.570000,0.000000,0,400,16,400
eres2netv2,clean,3,1,5,shuffled,,0.7000,0,0.000000,11.290000,0.000000,0,400,16,400
eres2netv2,clean,3,2,5,shuffled,,0.2000,0,0.117500,1.370000,1.115000,295,299,16,400
eres2netv2,clean,3,2,5,shuffled,,0.2200,0,0.155000,1.435000,0.862500,253,300,16,400
eres2netv2,clean,3,2,5,shuffled,,0.2400,0,0.167500,1.490000,0.745000,225,301,16,400
eres2netv2,clean,3,2,5,shuffled,,0.2600,0,0.105000,1.692500,0.652500,202,335,16,400
eres2netv2,clean,3,2,5,shuffled,,0.2800,0,0.060000,2.002500,0.515000,171,360,16,400
eres2netv2,clean,3,2,5,shuffled,,0.3000,0,0.062500,2.397500,0.420000,148,360,16,400
eres2netv2,clean,3,2,5,shuffled,,0.3200,0,0.077500,3.315000,0.327500,113,369,16,400
eres2netv2,clean,3,2,5,shuffled,,0.3400,0,0.077500,3.335000,0.295000,107,369,16,400
eres2netv2,clean,3,2,5,shuffled,,0.3600,0,0.065000,3.477500,0.182500,70,374,16,400
eres2netv2,clean,3,2,5,shuffled,,0.3800,0,0.032500,3.857500,0.147500,59,387,16,400
eres2netv2,clean,3,2,5,shuffled,,0.4000,0,0.032500,4.037500,0.125000,50,387,16,400
eres2netv2,clean,3,2,5,shuffled,,0.4200,1,0.032500,4.400000,0.077500,31,387,16,400
eres2netv2,clean,3,2,5,shuffled,,0.4400,0,0.015000,4.767500,0.027500,11,394,16,400
eres2netv2,clean,3,2,5,shuffled,,0.4600,0,0.015000,4.965000,0.000000,0,394,16,400
eres2netv2,clean,3,2,5,shuffled,,0.4800,0,0.015000,4.965000,0.000000,0,394,16,400
eres2netv2,clean,3,2,5,shuffled,,0.5000,0,0.005000,5.340000,0.000000,0,398,16,400
eres2netv2,clean,3,2,5,shuffled,,0.5200,0,0.000000,5.702500,0.000000,0,400,16,400
eres2netv2,clean,3,2,5,shuffled,,0.5400,0,0.000000,6.642500,0.000000,0,400,16,400
eres2netv2,clean,3,2,5,shuffled,,0.5600,0,0.000000,7.735000,0.000000,0,400,16,400
eres2netv2,clean,3,2,5,shuffled,,0.5800,0,0.000000,8.502500,0.000000,0,400,16,400
eres2netv2,clean,3,2,5,shuffled,,0.6000,0,0.000000,8.700000,0.000000,0,400,16,400
eres2netv2,clean,3,2,5,shuffled,,0.6200,0,0.000000,9.627500,0.000000,0,400,16,400
eres2netv2,clean,3,2,5,shuffled,,0.6400,0,0.000000,9.817500,0.000000,0,400,16,400
eres2netv2,clean,3,2,5,shuffled,,0.6600,0,0.000000,10.535000,0.000000,0,400,16,400
eres2netv2,clean,3,2,5,shuffled,,0.6800,0,0.000000,10.702500,0.000000,0,400,16,400
eres2netv2,clean,3,2,5,shuffled,,0.7000,0,0.000000,11.430000,0.000000,0,400,16,400
eres2netv2,clean,5,0,5,shuffled,,0.2000,0,0.000000,2.837500,3.200000,400,381,16,400
eres2netv2,clean,5,0,5,shuffled,,0.2200,0,0.012500,3.017500,2.722500,389,381,16,400
eres2netv2,clean,5,0,5,shuffled,,0.2400,0,0.017500,3.162500,2.347500,381,381,16,400
eres2netv2,clean,5,0,5,shuffled,,0.2600,0,0.015000,3.510000,1.947500,359,391,16,400
eres2netv2,clean,5,0,5,shuffled,,0.2800,0,0.000000,4.085000,1.642500,336,398,16,400
eres2netv2,clean,5,0,5,shuffled,,0.3000,0,0.000000,4.737500,1.357500,303,398,16,400
eres2netv2,clean,5,0,5,shuffled,,0.3200,0,0.000000,5.745000,1.052500,245,398,16,400
eres2netv2,clean,5,0,5,shuffled,,0.3400,0,0.000000,5.745000,0.925000,232,398,16,400
eres2netv2,clean,5,0,5,shuffled,,0.3600,0,0.005000,5.995000,0.482500,135,398,16,400
eres2netv2,clean,5,0,5,shuffled,,0.3800,0,0.005000,6.855000,0.360000,103,398,16,400
eres2netv2,clean,5,0,5,shuffled,,0.4000,0,0.005000,7.240000,0.292500,81,398,16,400
eres2netv2,clean,5,0,5,shuffled,,0.4200,0,0.005000,7.517500,0.292500,81,398,16,400
eres2netv2,clean,5,0,5,shuffled,,0.4400,1,0.005000,8.190000,0.182500,60,398,16,400
eres2netv2,clean,5,0,5,shuffled,,0.4600,0,0.005000,8.190000,0.182500,60,398,16,400
eres2netv2,clean,5,0,5,shuffled,,0.4800,0,0.002500,8.482500,0.135000,45,399,16,400
eres2netv2,clean,5,0,5,shuffled,,0.5000,0,0.002500,9.052500,0.062500,25,399,16,400
eres2netv2,clean,5,0,5,shuffled,,0.5200,0,0.000000,9.777500,0.062500,25,400,16,400
eres2netv2,clean,5,0,5,shuffled,,0.5400,0,0.000000,10.690000,0.062500,25,400,16,400
eres2netv2,clean,5,0,5,shuffled,,0.5600,0,0.000000,12.565000,0.062500,25,400,16,400
eres2netv2,clean,5,0,5,shuffled,,0.5800,0,0.000000,13.477500,0.062500,25,400,16,400
eres2netv2,clean,5,0,5,shuffled,,0.6000,0,0.000000,14.422500,0.062500,25,400,16,400
eres2netv2,clean,5,0,5,shuffled,,0.6200,0,0.000000,15.547500,0.062500,25,400,16,400
eres2netv2,clean,5,0,5,shuffled,,0.6400,0,0.000000,16.692500,0.062500,25,400,16,400
eres2netv2,clean,5,0,5,shuffled,,0.6600,0,0.000000,17.407500,0.062500,25,400,16,400
eres2netv2,clean,5,0,5,shuffled,,0.6800,0,0.000000,17.702500,0.062500,25,400,16,400
eres2netv2,clean,5,0,5,shuffled,,0.7000,0,0.000000,18.997500,0.000000,0,400,16,400
eres2netv2,clean,5,1,5,shuffled,,0.2000,0,0.015000,2.082500,2.480000,382,368,16,400
eres2netv2,clean,5,1,5,shuffled,,0.2200,0,0.020000,2.247500,2.162500,368,368,16,400
eres2netv2,clean,5,1,5,shuffled,,0.2400,0,0.037500,2.457500,1.862500,352,368,16,400
eres2netv2,clean,5,1,5,shuffled,,0.2600,0,0.060000,2.660000,1.495000,319,368,16,400
eres2netv2,clean,5,1,5,shuffled,,0.2800,0,0.022500,3.165000,1.240000,303,389,16,400
eres2netv2,clean,5,1,5,shuffled,,0.3000,0,0.022500,4.020000,0.965000,266,389,16,400
eres2netv2,clean,5,1,5,shuffled,,0.3200,0,0.020000,4.542500,0.702500,209,392,16,400
eres2netv2,clean,5,1,5,shuffled,,0.3400,0,0.020000,4.542500,0.592500,179,392,16,400
eres2netv2,clean,5,1,5,shuffled,,0.3600,0,0.020000,4.895000,0.425000,131,392,16,400
eres2netv2,clean,5,1,5,shuffled,,0.3800,0,0.002500,5.627500,0.332500,131,399,16,400
eres2netv2,clean,5,1,5,shuffled,,0.4000,0,0.002500,5.942500,0.250000,100,399,16,400
eres2netv2,clean,5,1,5,shuffled,,0.4200,0,0.000000,6.665000,0.202500,81,400,16,400
eres2netv2,clean,5,1,5,shuffled,,0.4400,0,0.000000,7.022500,0.000000,0,400,16,400
eres2netv2,clean,5,1,5,shuffled,,0.4600,0,0.000000,7.692500,0.000000,0,400,16,400
eres2netv2,clean,5,1,5,shuffled,,0.4800,1,0.000000,8.315000,0.000000,0,400,16,400
eres2netv2,clean,5,1,5,shuffled,,0.5000,0,0.000000,8.917500,0.000000,0,400,16,400
eres2netv2,clean,5,1,5,shuffled,,0.5200,0,0.000000,9.805000,0.000000,0,400,16,400
eres2netv2,clean,5,1,5,shuffled,,0.5400,0,0.000000,10.730000,0.000000,0,400,16,400
eres2netv2,clean,5,1,5,shuffled,,0.5600,0,0.000000,12.622500,0.000000,0,400,16,400
eres2netv2,clean,5,1,5,shuffled,,0.5800,0,0.000000,13.847500,0.000000,0,400,16,400
eres2netv2,clean,5,1,5,shuffled,,0.6000,0,0.000000,15.110000,0.000000,0,400,16,400
eres2netv2,clean,5,1,5,shuffled,,0.6200,0,0.000000,16.390000,0.000000,0,400,16,400
eres2netv2,clean,5,1,5,shuffled,,0.6400,0,0.000000,17.350000,0.000000,0,400,16,400
eres2netv2,clean,5,1,5,shuffled,,0.6600,0,0.000000,17.350000,0.000000,0,400,16,400
eres2netv2,clean,5,1,5,shuffled,,0.6800,0,0.000000,17.650000,0.000000,0,400,16,400
eres2netv2,clean,5,1,5,shuffled,,0.7000,0,0.000000,18.805000,0.000000,0,400,16,400
eres2netv2,clean,5,2,5,shuffled,,0.2000,0,0.007500,2.395000,2.977500,394,363,16,400
eres2netv2,clean,5,2,5,shuffled,,0.2200,0,0.017500,2.542500,2.542500,387,365,16,400
eres2netv2,clean,5,2,5,shuffled,,0.2400,0,0.027500,2.692500,2.260000,373,370,16,400
eres2netv2,clean,5,2,5,shuffled,,0.2600,0,0.015000,3.005000,1.957500,363,382,16,400
eres2netv2,clean,5,2,5,shuffled,,0.2800,0,0.002500,3.575000,1.577500,336,396,16,400
eres2netv2,clean,5,2,5,shuffled,,0.3000,0,0.002500,4.250000,1.320000,321,396,16,400
eres2netv2,clean,5,2,5,shuffled,,0.3200,0,0.007500,5.415000,1.105000,277,397,16,400
eres2netv2,clean,5,2,5,shuffled,,0.3400,0,0.007500,5.442500,1.015000,270,397,16,400
eres2netv2,clean,5,2,5,shuffled,,0.3600,0,0.007500,5.692500,0.655000,204,397,16,400
eres2netv2,clean,5,2,5,shuffled,,0.3800,0,0.007500,6.330000,0.500000,186,397,16,400
eres2netv2,clean,5,2,5,shuffled,,0.4000,0,0.007500,6.640000,0.452500,170,397,16,400
eres2netv2,clean,5,2,5,shuffled,,0.4200,1,0.007500,7.152500,0.347500,133,397,16,400
eres2netv2,clean,5,2,5,shuffled,,0.4400,0,0.005000,7.760000,0.100000,40,398,16,400
eres2netv2,clean,5,2,5,shuffled,,0.4600,0,0.005000,8.085000,0.000000,0,398,16,400
eres2netv2,clean,5,2,5,shuffled,,0.4800,0,0.005000,8.085000,0.000000,0,398,16,400
eres2netv2,clean,5,2,5,shuffled,,0.5000,0,0.000000,8.755000,0.000000,0,400,16,400
eres2netv2,clean,5,2,5,shuffled,,0.5200,0,0.000000,9.372500,0.000000,0,400,16,400
eres2netv2,clean,5,2,5,shuffled,,0.5400,0,0.000000,10.952500,0.000000,0,400,16,400
eres2netv2,clean,5,2,5,shuffled,,0.5600,0,0.000000,12.850000,0.000000,0,400,16,400
eres2netv2,clean,5,2,5,shuffled,,0.5800,0,0.000000,14.067500,0.000000,0,400,16,400
eres2netv2,clean,5,2,5,shuffled,,0.6000,0,0.000000,14.392500,0.000000,0,400,16,400
eres2netv2,clean,5,2,5,shuffled,,0.6200,0,0.000000,16.035000,0.000000,0,400,16,400
eres2netv2,clean,5,2,5,shuffled,,0.6400,0,0.000000,16.350000,0.000000,0,400,16,400
eres2netv2,clean,5,2,5,shuffled,,0.6600,0,0.000000,17.605000,0.000000,0,400,16,400
eres2netv2,clean,5,2,5,shuffled,,0.6800,0,0.000000,17.907500,0.000000,0,400,16,400
eres2netv2,clean,5,2,5,shuffled,,0.7000,0,0.000000,19.107500,0.000000,0,400,16,400
eres2netv2,far-field,2,0,5,shuffled,,0.2000,0,0.122500,1.297500,0.607500,200,303,16,400
eres2netv2,far-field,2,0,5,shuffled,,0.2200,0,0.167500,1.572500,0.515000,166,309,16,400
eres2netv2,far-field,2,0,5,shuffled,,0.2400,0,0.182500,1.810000,0.415000,134,311,16,400
eres2netv2,far-field,2,0,5,shuffled,,0.2600,0,0.182500,1.967500,0.347500,107,314,16,400
eres2netv2,far-field,2,0,5,shuffled,,0.2800,0,0.140000,2.222500,0.325000,102,340,16,400
eres2netv2,far-field,2,0,5,shuffled,,0.3000,0,0.140000,2.375000,0.270000,101,340,16,400
eres2netv2,far-field,2,0,5,shuffled,,0.3200,0,0.135000,2.685000,0.225000,83,346,16,400
eres2netv2,far-field,2,0,5,shuffled,,0.3400,0,0.097500,2.937500,0.155000,58,361,16,400
eres2netv2,far-field,2,0,5,shuffled,,0.3600,0,0.057500,3.470000,0.155000,58,377,16,400
eres2netv2,far-field,2,0,5,shuffled,,0.3800,0,0.035000,3.610000,0.155000,58,386,16,400
eres2netv2,far-field,2,0,5,shuffled,,0.4000,0,0.000000,4.090000,0.140000,56,400,16,400
eres2netv2,far-field,2,0,5,shuffled,,0.4200,0,0.000000,4.655000,0.112500,45,400,16,400
eres2netv2,far-field,2,0,5,shuffled,,0.4400,0,0.000000,5.102500,0.062500,25,400,16,400
eres2netv2,far-field,2,0,5,shuffled,,0.4600,0,0.000000,5.682500,0.060000,24,400,16,400
eres2netv2,far-field,2,0,5,shuffled,,0.4800,0,0.000000,5.925000,0.052500,21,400,16,400
eres2netv2,far-field,2,0,5,shuffled,,0.5000,1,0.000000,6.410000,0.025000,10,400,16,400
eres2netv2,far-field,2,0,5,shuffled,,0.5200,0,0.000000,6.515000,0.025000,10,400,16,400
eres2netv2,far-field,2,0,5,shuffled,,0.5400,0,0.000000,6.792500,0.017500,7,400,16,400
eres2netv2,far-field,2,0,5,shuffled,,0.5600,0,0.000000,7.297500,0.000000,0,400,16,400
eres2netv2,far-field,2,0,5,shuffled,,0.5800,0,0.000000,7.297500,0.000000,0,400,16,400
eres2netv2,far-field,2,0,5,shuffled,,0.6000,0,0.000000,7.297500,0.000000,0,400,16,400
eres2netv2,far-field,2,0,5,shuffled,,0.6200,0,0.000000,7.402500,0.000000,0,400,16,400
eres2netv2,far-field,2,0,5,shuffled,,0.6400,0,0.000000,7.525000,0.000000,0,400,16,400
eres2netv2,far-field,2,0,5,shuffled,,0.6600,0,0.000000,7.642500,0.000000,0,400,16,400
eres2netv2,far-field,2,0,5,shuffled,,0.6800,0,0.000000,7.642500,0.000000,0,400,16,400
eres2netv2,far-field,2,0,5,shuffled,,0.7000,0,0.000000,7.642500,0.000000,0,400,16,400
eres2netv2,far-field,2,1,5,shuffled,,0.2000,0,0.230000,1.145000,0.512500,182,263,16,400
eres2netv2,far-field,2,1,5,shuffled,,0.2200,0,0.312500,1.270000,0.367500,127,265,16,400
eres2netv2,far-field,2,1,5,shuffled,,0.2400,0,0.247500,1.437500,0.330000,110,291,16,400
eres2netv2,far-field,2,1,5,shuffled,,0.2600,0,0.247500,1.867500,0.277500,89,293,16,400
eres2netv2,far-field,2,1,5,shuffled,,0.2800,0,0.192500,2.130000,0.225000,70,318,16,400
eres2netv2,far-field,2,1,5,shuffled,,0.3000,0,0.192500,2.260000,0.210000,64,318,16,400
eres2netv2,far-field,2,1,5,shuffled,,0.3200,0,0.137500,2.532500,0.155000,51,345,16,400
eres2netv2,far-field,2,1,5,shuffled,,0.3400,0,0.045000,3.042500,0.127500,46,382,16,400
eres2netv2,far-field,2,1,5,shuffled,,0.3600,0,0.017500,3.507500,0.125000,45,393,16,400
eres2netv2,far-field,2,1,5,shuffled,,0.3800,0,0.017500,3.667500,0.117500,42,393,16,400
eres2netv2,far-field,2,1,5,shuffled,,0.4000,0,0.000000,4.105000,0.095000,38,400,16,400
eres2netv2,far-field,2,1,5,shuffled,,0.4200,0,0.000000,4.622500,0.075000,30,400,16,400
eres2netv2,far-field,2,1,5,shuffled,,0.4400,0,0.000000,5.097500,0.047500,19,400,16,400
eres2netv2,far-field,2,1,5,shuffled,,0.4600,1,0.000000,5.760000,0.032500,13,400,16,400
eres2netv2,far-field,2,1,5,shuffled,,0.4800,0,0.000000,6.280000,0.017500,7,400,16,400
eres2netv2,far-field,2,1,5,shuffled,,0.5000,0,0.000000,6.672500,0.005000,2,400,16,400
eres2netv2,far-field,2,1,5,shuffled,,0.5200,0,0.000000,6.905000,0.005000,2,400,16,400
eres2netv2,far-field,2,1,5,shuffled,,0.5400,0,0.000000,7.140000,0.000000,0,400,16,400
eres2netv2,far-field,2,1,5,shuffled,,0.5600,0,0.000000,7.505000,0.000000,0,400,16,400
eres2netv2,far-field,2,1,5,shuffled,,0.5800,0,0.000000,7.505000,0.000000,0,400,16,400
eres2netv2,far-field,2,1,5,shuffled,,0.6000,0,0.000000,7.505000,0.000000,0,400,16,400
eres2netv2,far-field,2,1,5,shuffled,,0.6200,0,0.000000,7.505000,0.000000,0,400,16,400
eres2netv2,far-field,2,1,5,shuffled,,0.6400,0,0.000000,7.630000,0.000000,0,400,16,400
eres2netv2,far-field,2,1,5,shuffled,,0.6600,0,0.000000,7.755000,0.000000,0,400,16,400
eres2netv2,far-field,2,1,5,shuffled,,0.6800,0,0.000000,7.755000,0.000000,0,400,16,400
eres2netv2,far-field,2,1,5,shuffled,,0.7000,0,0.000000,7.755000,0.000000,0,400,16,400
eres2netv2,far-field,2,2,5,shuffled,,0.2000,0,0.210000,1.125000,0.440000,163,293,16,400
eres2netv2,far-field,2,2,5,shuffled,,0.2200,0,0.150000,1.502500,0.345000,132,321,16,400
eres2netv2,far-field,2,2,5,shuffled,,0.2400,0,0.167500,1.657500,0.275000,110,327,16,400
eres2netv2,far-field,2,2,5,shuffled,,0.2600,0,0.167500,1.800000,0.220000,83,327,16,400
eres2netv2,far-field,2,2,5,shuffled,,0.2800,0,0.175000,1.992500,0.202500,79,329,16,400
eres2netv2,far-field,2,2,5,shuffled,,0.3000,0,0.135000,2.250000,0.170000,66,345,16,400
eres2netv2,far-field,2,2,5,shuffled,,0.3200,0,0.107500,2.580000,0.110000,44,357,16,400
eres2netv2,far-field,2,2,5,shuffled,,0.3400,0,0.107500,2.702500,0.097500,39,357,16,400
eres2netv2,far-field,2,2,5,shuffled,,0.3600,0,0.062500,2.957500,0.065000,26,375,16,400
eres2netv2,far-field,2,2,5,shuffled,,0.3800,0,0.030000,3.387500,0.065000,26,388,16,400
eres2netv2,far-field,2,2,5,shuffled,,0.4000,0,0.000000,3.815000,0.065000,26,400,16,400
eres2netv2,far-field,2,2,5,shuffled,,0.4200,0,0.000000,4.402500,0.060000,24,400,16,400
eres2netv2,far-field,2,2,5,shuffled,,0.4400,0,0.000000,5.005000,0.050000,20,400,16,400
eres2netv2,far-field,2,2,5,shuffled,,0.4600,0,0.000000,5.440000,0.037500,15,400,16,400
eres2netv2,far-field,2,2,5,shuffled,,0.4800,0,0.000000,5.802500,0.022500,9,400,16,400
eres2netv2,far-field,2,2,5,shuffled,,0.5000,0,0.000000,6.252500,0.020000,8,400,16,400
eres2netv2,far-field,2,2,5,shuffled,,0.5200,0,0.000000,6.747500,0.010000,4,400,16,400
eres2netv2,far-field,2,2,5,shuffled,,0.5400,1,0.000000,6.887500,0.010000,4,400,16,400
eres2netv2,far-field,2,2,5,shuffled,,0.5600,0,0.000000,7.360000,0.000000,0,400,16,400
eres2netv2,far-field,2,2,5,shuffled,,0.5800,0,0.000000,7.360000,0.000000,0,400,16,400
eres2netv2,far-field,2,2,5,shuffled,,0.6000,0,0.000000,7.360000,0.000000,0,400,16,400
eres2netv2,far-field,2,2,5,shuffled,,0.6200,0,0.000000,7.500000,0.000000,0,400,16,400
eres2netv2,far-field,2,2,5,shuffled,,0.6400,0,0.000000,7.607500,0.000000,0,400,16,400
eres2netv2,far-field,2,2,5,shuffled,,0.6600,0,0.000000,7.607500,0.000000,0,400,16,400
eres2netv2,far-field,2,2,5,shuffled,,0.6800,0,0.000000,7.607500,0.000000,0,400,16,400
eres2netv2,far-field,2,2,5,shuffled,,0.7000,0,0.000000,7.607500,0.000000,0,400,16,400
eres2netv2,far-field,3,0,5,shuffled,,0.2000,0,0.005000,2.170000,1.477500,352,364,16,400
eres2netv2,far-field,3,0,5,shuffled,,0.2200,0,0.022500,2.472500,1.247500,314,366,16,400
eres2netv2,far-field,3,0,5,shuffled,,0.2400,0,0.032500,2.827500,1.057500,280,371,16,400
eres2netv2,far-field,3,0,5,shuffled,,0.2600,0,0.032500,3.100000,0.812500,221,377,16,400
eres2netv2,far-field,3,0,5,shuffled,,0.2800,0,0.035000,3.502500,0.717500,204,382,16,400
eres2netv2,far-field,3,0,5,shuffled,,0.3000,0,0.035000,3.775000,0.617500,197,382,16,400
eres2netv2,far-field,3,0,5,shuffled,,0.3200,0,0.045000,4.147500,0.500000,157,382,16,400
eres2netv2,far-field,3,0,5,shuffled,,0.3400,0,0.022500,4.615000,0.375000,128,391,16,400
eres2netv2,far-field,3,0,5,shuffled,,0.3600,0,0.007500,5.320000,0.367500,128,397,16,400
eres2netv2,far-field,3,0,5,shuffled,,0.3800,0,0.002500,5.565000,0.362500,128,399,16,400
eres2netv2,far-field,3,0,5,shuffled,,0.4000,0,0.000000,6.202500,0.312500,116,400,16,400
eres2netv2,far-field,3,0,5,shuffled,,0.4200,0,0.000000,7.087500,0.282500,104,400,16,400
eres2netv2,far-field,3,0,5,shuffled,,0.4400,0,0.000000,7.742500,0.172500,65,400,16,400
eres2netv2,far-field,3,0,5,shuffled,,0.4600,0,0.000000,8.465000,0.140000,55,400,16,400
eres2netv2,far-field,3,0,5,shuffled,,0.4800,0,0.000000,8.860000,0.127500,50,400,16,400
eres2netv2,far-field,3,0,5,shuffled,,0.5000,1,0.000000,9.620000,0.075000,30,400,16,400
eres2netv2,far-field,3,0,5,shuffled,,0.5200,0,0.000000,9.807500,0.075000,30,400,16,400
eres2netv2,far-field,3,0,5,shuffled,,0.5400,0,0.000000,10.185000,0.045000,18,400,16,400
eres2netv2,far-field,3,0,5,shuffled,,0.5600,0,0.000000,10.955000,0.000000,0,400,16,400
eres2netv2,far-field,3,0,5,shuffled,,0.5800,0,0.000000,10.955000,0.000000,0,400,16,400
eres2netv2,far-field,3,0,5,shuffled,,0.6000,0,0.000000,10.955000,0.000000,0,400,16,400
eres2netv2,far-field,3,0,5,shuffled,,0.6200,0,0.000000,11.142500,0.000000,0,400,16,400
eres2netv2,far-field,3,0,5,shuffled,,0.6400,0,0.000000,11.322500,0.000000,0,400,16,400
eres2netv2,far-field,3,0,5,shuffled,,0.6600,0,0.000000,11.490000,0.000000,0,400,16,400
eres2netv2,far-field,3,0,5,shuffled,,0.6800,0,0.000000,11.490000,0.000000,0,400,16,400
eres2netv2,far-field,3,0,5,shuffled,,0.7000,0,0.000000,11.490000,0.000000,0,400,16,400
eres2netv2,far-field,3,1,5,shuffled,,0.2000,0,0.045000,1.877500,1.332500,320,337,16,400
eres2netv2,far-field,3,1,5,shuffled,,0.2200,0,0.105000,2.042500,1.070000,264,340,16,400
eres2netv2,far-field,3,1,5,shuffled,,0.2400,0,0.095000,2.282500,0.950000,240,347,16,400
eres2netv2,far-field,3,1,5,shuffled,,0.2600,0,0.095000,2.845000,0.785000,207,351,16,400
eres2netv2,far-field,3,1,5,shuffled,,0.2800,0,0.047500,3.332500,0.657500,182,373,16,400
eres2netv2,far-field,3,1,5,shuffled,,0.3000,0,0.047500,3.612500,0.585000,162,373,16,400
eres2netv2,far-field,3,1,5,shuffled,,0.3200,0,0.032500,3.962500,0.450000,142,387,16,400
eres2netv2,far-field,3,1,5,shuffled,,0.3400,0,0.002500,4.687500,0.370000,127,399,16,400
eres2netv2,far-field,3,1,5,shuffled,,0.3600,0,0.000000,5.370000,0.342500,118,400,16,400
eres2netv2,far-field,3,1,5,shuffled,,0.3800,0,0.000000,5.575000,0.302500,108,400,16,400
eres2netv2,far-field,3,1,5,shuffled,,0.4000,0,0.000000,6.247500,0.245000,94,400,16,400
eres2netv2,far-field,3,1,5,shuffled,,0.4200,0,0.000000,6.932500,0.187500,74,400,16,400
eres2netv2,far-field,3,1,5,shuffled,,0.4400,0,0.000000,7.685000,0.087500,35,400,16,400
eres2netv2,far-field,3,1,5,shuffled,,0.4600,1,0.000000,8.585000,0.057500,23,400,16,400
eres2netv2,far-field,3,1,5,shuffled,,0.4800,0,0.000000,9.360000,0.040000,16,400,16,400
eres2netv2,far-field,3,1,5,shuffled,,0.5000,0,0.000000,9.952500,0.017500,7,400,16,400
eres2netv2,far-field,3,1,5,shuffled,,0.5200,0,0.000000,10.350000,0.017500,7,400,16,400
eres2netv2,far-field,3,1,5,shuffled,,0.5400,0,0.000000,10.742500,0.000000,0,400,16,400
eres2netv2,far-field,3,1,5,shuffled,,0.5600,0,0.000000,11.282500,0.000000,0,400,16,400
eres2netv2,far-field,3,1,5,shuffled,,0.5800,0,0.000000,11.282500,0.000000,0,400,16,400
eres2netv2,far-field,3,1,5,shuffled,,0.6000,0,0.000000,11.282500,0.000000,0,400,16,400
eres2netv2,far-field,3,1,5,shuffled,,0.6200,0,0.000000,11.282500,0.000000,0,400,16,400
eres2netv2,far-field,3,1,5,shuffled,,0.6400,0,0.000000,11.467500,0.000000,0,400,16,400
eres2netv2,far-field,3,1,5,shuffled,,0.6600,0,0.000000,11.650000,0.000000,0,400,16,400
eres2netv2,far-field,3,1,5,shuffled,,0.6800,0,0.000000,11.650000,0.000000,0,400,16,400
eres2netv2,far-field,3,1,5,shuffled,,0.7000,0,0.000000,11.650000,0.000000,0,400,16,400
eres2netv2,far-field,3,2,5,shuffled,,0.2000,0,0.045000,1.797500,1.265000,316,351,16,400
eres2netv2,far-field,3,2,5,shuffled,,0.2200,0,0.035000,2.215000,1.092500,292,362,16,400
eres2netv2,far-field,3,2,5,shuffled,,0.2400,0,0.042500,2.420000,0.877500,256,368,16,400
eres2netv2,far-field,3,2,5,shuffled,,0.2600,0,0.042500,2.745000,0.755000,217,369,16,400
eres2netv2,far-field,3,2,5,shuffled,,0.2800,0,0.050000,3.012500,0.682500,206,374,16,400
eres2netv2,far-field,3,2,5,shuffled,,0.3000,0,0.017500,3.345000,0.587500,192,387,16,400
eres2netv2,far-field,3,2,5,shuffled,,0.3200,0,0.012500,3.825000,0.400000,133,395,16,400
eres2netv2,far-field,3,2,5,shuffled,,0.3400,0,0.012500,4.055000,0.305000,105,395,16,400
eres2netv2,far-field,3,2,5,shuffled,,0.3600,0,0.005000,4.377500,0.270000,95,398,16,400
eres2netv2,far-field,3,2,5,shuffled,,0.3800,0,0.000000,5.025000,0.250000,88,400,16,400
eres2netv2,far-field,3,2,5,shuffled,,0.4000,0,0.000000,5.662500,0.240000,88,400,16,400
eres2netv2,far-field,3,2,5,shuffled,,0.4200,0,0.000000,6.505000,0.212500,78,400,16,400
eres2netv2,far-field,3,2,5,shuffled,,0.4400,0,0.000000,7.392500,0.182500,67,400,16,400
eres2netv2,far-field,3,2,5,shuffled,,0.4600,0,0.000000,8.120000,0.122500,46,400,16,400
eres2netv2,far-field,3,2,5,shuffled,,0.4800,0,0.000000,8.645000,0.097500,37,400,16,400
eres2netv2,far-field,3,2,5,shuffled,,0.5000,0,0.000000,9.370000,0.075000,30,400,16,400
eres2netv2,far-field,3,2,5,shuffled,,0.5200,0,0.000000,10.095000,0.050000,20,400,16,400
eres2netv2,far-field,3,2,5,shuffled,,0.5400,1,0.000000,10.277500,0.050000,20,400,16,400
eres2netv2,far-field,3,2,5,shuffled,,0.5600,0,0.000000,11.015000,0.000000,0,400,16,400
eres2netv2,far-field,3,2,5,shuffled,,0.5800,0,0.000000,11.015000,0.000000,0,400,16,400
eres2netv2,far-field,3,2,5,shuffled,,0.6000,0,0.000000,11.015000,0.000000,0,400,16,400
eres2netv2,far-field,3,2,5,shuffled,,0.6200,0,0.000000,11.205000,0.000000,0,400,16,400
eres2netv2,far-field,3,2,5,shuffled,,0.6400,0,0.000000,11.405000,0.000000,0,400,16,400
eres2netv2,far-field,3,2,5,shuffled,,0.6600,0,0.000000,11.405000,0.000000,0,400,16,400
eres2netv2,far-field,3,2,5,shuffled,,0.6800,0,0.000000,11.405000,0.000000,0,400,16,400
eres2netv2,far-field,3,2,5,shuffled,,0.7000,0,0.000000,11.405000,0.000000,0,400,16,400
eres2netv2,far-field,5,0,5,shuffled,,0.2000,0,0.000000,4.030000,3.815000,399,398,16,400
eres2netv2,far-field,5,0,5,shuffled,,0.2200,0,0.000000,4.550000,3.417500,397,400,16,400
eres2netv2,far-field,5,0,5,shuffled,,0.2400,0,0.000000,5.067500,2.932500,391,400,16,400
eres2netv2,far-field,5,0,5,shuffled,,0.2600,0,0.000000,5.472500,2.460000,368,400,16,400
eres2netv2,far-field,5,0,5,shuffled,,0.2800,0,0.000000,6.250000,2.142500,357,400,16,400
eres2netv2,far-field,5,0,5,shuffled,,0.3000,0,0.000000,6.672500,1.857500,353,400,16,400
eres2netv2,far-field,5,0,5,shuffled,,0.3200,0,0.000000,7.207500,1.425000,316,400,16,400
eres2netv2,far-field,5,0,5,shuffled,,0.3400,0,0.000000,8.002500,1.132500,282,400,16,400
eres2netv2,far-field,5,0,5,shuffled,,0.3600,0,0.000000,9.090000,1.115000,282,400,16,400
eres2netv2,far-field,5,0,5,shuffled,,0.3800,0,0.000000,9.460000,1.075000,282,400,16,400
eres2netv2,far-field,5,0,5,shuffled,,0.4000,0,0.000000,10.312500,0.885000,260,400,16,400
eres2netv2,far-field,5,0,5,shuffled,,0.4200,0,0.000000,11.615000,0.775000,236,400,16,400
eres2netv2,far-field,5,0,5,shuffled,,0.4400,0,0.000000,12.882500,0.505000,164,400,16,400
eres2netv2,far-field,5,0,5,shuffled,,0.4600,0,0.000000,14.085000,0.445000,157,400,16,400
eres2netv2,far-field,5,0,5,shuffled,,0.4800,0,0.000000,14.737500,0.417500,149,400,16,400
eres2netv2,far-field,5,0,5,shuffled,,0.5000,1,0.000000,16.022500,0.262500,104,400,16,400
eres2netv2,far-field,5,0,5,shuffled,,0.5200,0,0.000000,16.302500,0.262500,104,400,16,400
eres2netv2,far-field,5,0,5,shuffled,,0.5400,0,0.000000,16.875000,0.215000,85,400,16,400
eres2netv2,far-field,5,0,5,shuffled,,0.5600,0,0.000000,18.042500,0.000000,0,400,16,400
eres2netv2,far-field,5,0,5,shuffled,,0.5800,0,0.000000,18.042500,0.000000,0,400,16,400
eres2netv2,far-field,5,0,5,shuffled,,0.6000,0,0.000000,18.042500,0.000000,0,400,16,400
eres2netv2,far-field,5,0,5,shuffled,,0.6200,0,0.000000,18.322500,0.000000,0,400,16,400
eres2netv2,far-field,5,0,5,shuffled,,0.6400,0,0.000000,18.640000,0.000000,0,400,16,400
eres2netv2,far-field,5,0,5,shuffled,,0.6600,0,0.000000,19.007500,0.000000,0,400,16,400
eres2netv2,far-field,5,0,5,shuffled,,0.6800,0,0.000000,19.007500,0.000000,0,400,16,400
eres2netv2,far-field,5,0,5,shuffled,,0.7000,0,0.000000,19.007500,0.000000,0,400,16,400
eres2netv2,far-field,5,1,5,shuffled,,0.2000,0,0.000000,4.205000,3.827500,399,393,16,400
eres2netv2,far-field,5,1,5,shuffled,,0.2200,0,0.002500,4.482500,3.240000,389,394,16,400
eres2netv2,far-field,5,1,5,shuffled,,0.2400,0,0.002500,4.855000,2.957500,386,394,16,400
eres2netv2,far-field,5,1,5,shuffled,,0.2600,0,0.002500,5.675000,2.582500,376,397,16,400
eres2netv2,far-field,5,1,5,shuffled,,0.2800,0,0.000000,6.562500,2.120000,351,400,16,400
eres2netv2,far-field,5,1,5,shuffled,,0.3000,0,0.000000,6.977500,1.857500,334,400,16,400
eres2netv2,far-field,5,1,5,shuffled,,0.3200,0,0.000000,7.450000,1.402500,282,400,16,400
eres2netv2,far-field,5,1,5,shuffled,,0.3400,0,0.000000,8.420000,1.152500,268,400,16,400
eres2netv2,far-field,5,1,5,shuffled,,0.3600,0,0.000000,9.305000,1.027500,262,400,16,400
eres2netv2,far-field,5,1,5,shuffled,,0.3800,0,0.000000,9.727500,0.982500,257,400,16,400
eres2netv2,far-field,5,1,5,shuffled,,0.4000,0,0.000000,10.772500,0.755000,230,400,16,400
eres2netv2,far-field,5,1,5,shuffled,,0.4200,0,0.000000,11.787500,0.637500,209,400,16,400
eres2netv2,far-field,5,1,5,shuffled,,0.4400,0,0.000000,12.985000,0.367500,141,400,16,400
eres2netv2,far-field,5,1,5,shuffled,,0.4600,1,0.000000,14.495000,0.237500,90,400,16,400
eres2netv2,far-field,5,1,5,shuffled,,0.4800,0,0.000000,15.775000,0.187500,72,400,16,400
eres2netv2,far-field,5,1,5,shuffled,,0.5000,0,0.000000,16.630000,0.072500,29,400,16,400
eres2netv2,far-field,5,1,5,shuffled,,0.5200,0,0.000000,17.300000,0.072500,29,400,16,400
eres2netv2,far-field,5,1,5,shuffled,,0.5400,0,0.000000,17.957500,0.000000,0,400,16,400
eres2netv2,far-field,5,1,5,shuffled,,0.5600,0,0.000000,18.840000,0.000000,0,400,16,400
eres2netv2,far-field,5,1,5,shuffled,,0.5800,0,0.000000,18.840000,0.000000,0,400,16,400
eres2netv2,far-field,5,1,5,shuffled,,0.6000,0,0.000000,18.840000,0.000000,0,400,16,400
eres2netv2,far-field,5,1,5,shuffled,,0.6200,0,0.000000,18.840000,0.000000,0,400,16,400
eres2netv2,far-field,5,1,5,shuffled,,0.6400,0,0.000000,19.120000,0.000000,0,400,16,400
eres2netv2,far-field,5,1,5,shuffled,,0.6600,0,0.000000,19.407500,0.000000,0,400,16,400
eres2netv2,far-field,5,1,5,shuffled,,0.6800,0,0.000000,19.407500,0.000000,0,400,16,400
eres2netv2,far-field,5,1,5,shuffled,,0.7000,0,0.000000,19.407500,0.000000,0,400,16,400
eres2netv2,far-field,5,2,5,shuffled,,0.2000,0,0.000000,3.300000,3.352500,395,391,16,400
eres2netv2,far-field,5,2,5,shuffled,,0.2200,0,0.000000,3.812500,3.082500,392,393,16,400
eres2netv2,far-field,5,2,5,shuffled,,0.2400,0,0.000000,4.257500,2.692500,389,395,16,400
eres2netv2,far-field,5,2,5,shuffled,,0.2600,0,0.000000,4.850000,2.432500,379,397,16,400
eres2netv2,far-field,5,2,5,shuffled,,0.2800,0,0.000000,5.535000,2.190000,368,400,16,400
eres2netv2,far-field,5,2,5,shuffled,,0.3000,0,0.000000,6.125000,1.895000,361,400,16,400
eres2netv2,far-field,5,2,5,shuffled,,0.3200,0,0.000000,6.792500,1.442500,315,400,16,400
eres2netv2,far-field,5,2,5,shuffled,,0.3400,0,0.000000,7.075000,1.175000,276,400,16,400
eres2netv2,far-field,5,2,5,shuffled,,0.3600,0,0.000000,7.550000,1.012500,263,400,16,400
eres2netv2,far-field,5,2,5,shuffled,,0.3800,0,0.000000,8.757500,0.965000,257,400,16,400
eres2netv2,far-field,5,2,5,shuffled,,0.4000,0,0.000000,9.672500,0.920000,257,400,16,400
eres2netv2,far-field,5,2,5,shuffled,,0.4200,0,0.000000,10.915000,0.820000,244,400,16,400
eres2netv2,far-field,5,2,5,shuffled,,0.4400,0,0.000000,12.417500,0.695000,218,400,16,400
eres2netv2,far-field,5,2,5,shuffled,,0.4600,0,0.000000,13.552500,0.437500,141,400,16,400
eres2netv2,far-field,5,2,5,shuffled,,0.4800,0,0.000000,14.395000,0.337500,109,400,16,400
eres2netv2,far-field,5,2,5,shuffled,,0.5000,0,0.000000,15.632500,0.227500,91,400,16,400
eres2netv2,far-field,5,2,5,shuffled,,0.5200,0,0.000000,16.842500,0.157500,63,400,16,400
eres2netv2,far-field,5,2,5,shuffled,,0.5400,1,0.000000,17.165000,0.157500,63,400,16,400
eres2netv2,far-field,5,2,5,shuffled,,0.5600,0,0.000000,18.440000,0.000000,0,400,16,400
eres2netv2,far-field,5,2,5,shuffled,,0.5800,0,0.000000,18.440000,0.000000,0,400,16,400
eres2netv2,far-field,5,2,5,shuffled,,0.6000,0,0.000000,18.440000,0.000000,0,400,16,400
eres2netv2,far-field,5,2,5,shuffled,,0.6200,0,0.000000,18.755000,0.000000,0,400,16,400
eres2netv2,far-field,5,2,5,shuffled,,0.6400,0,0.000000,19.070000,0.000000,0,400,16,400
eres2netv2,far-field,5,2,5,shuffled,,0.6600,0,0.000000,19.070000,0.000000,0,400,16,400
eres2netv2,far-field,5,2,5,shuffled,,0.6800,0,0.000000,19.070000,0.000000,0,400,16,400
eres2netv2,far-field,5,2,5,shuffled,,0.7000,0,0.000000,19.070000,0.000000,0,400,16,400
campplus,clean,2,0,5,shuffled,,0.2000,0,0.345000,1.257500,0.375000,138,256,16,400
campplus,clean,2,0,5,shuffled,,0.2200,0,0.227500,1.660000,0.302500,117,303,16,400
campplus,clean,2,0,5,shuffled,,0.2400,0,0.180000,1.735000,0.202500,77,322,16,400
campplus,clean,2,0,5,shuffled,,0.2600,0,0.180000,1.755000,0.172500,65,322,16,400
campplus,clean,2,0,5,shuffled,,0.2800,0,0.190000,1.865000,0.135000,50,322,16,400
campplus,clean,2,0,5,shuffled,,0.3000,0,0.190000,2.005000,0.130000,48,322,16,400
campplus,clean,2,0,5,shuffled,,0.3200,0,0.190000,2.477500,0.110000,40,322,16,400
campplus,clean,2,0,5,shuffled,,0.3400,1,0.195000,2.497500,0.087500,31,322,16,400
campplus,clean,2,0,5,shuffled,,0.3600,0,0.195000,2.860000,0.077500,31,322,16,400
campplus,clean,2,0,5,shuffled,,0.3800,0,0.195000,2.980000,0.052500,21,322,16,400
campplus,clean,2,0,5,shuffled,,0.4000,0,0.140000,3.122500,0.025000,10,344,16,400
campplus,clean,2,0,5,shuffled,,0.4200,0,0.140000,3.217500,0.015000,6,344,16,400
campplus,clean,2,0,5,shuffled,,0.4400,0,0.095000,3.447500,0.015000,6,362,16,400
campplus,clean,2,0,5,shuffled,,0.4600,0,0.010000,3.952500,0.007500,3,396,16,400
campplus,clean,2,0,5,shuffled,,0.4800,0,0.010000,4.212500,0.007500,3,396,16,400
campplus,clean,2,0,5,shuffled,,0.5000,0,0.000000,4.627500,0.007500,3,400,16,400
campplus,clean,2,0,5,shuffled,,0.5200,0,0.000000,4.897500,0.007500,3,400,16,400
campplus,clean,2,0,5,shuffled,,0.5400,0,0.000000,5.527500,0.007500,3,400,16,400
campplus,clean,2,0,5,shuffled,,0.5600,0,0.000000,5.770000,0.007500,3,400,16,400
campplus,clean,2,0,5,shuffled,,0.5800,0,0.000000,6.275000,0.007500,3,400,16,400
campplus,clean,2,0,5,shuffled,,0.6000,0,0.000000,6.792500,0.007500,3,400,16,400
campplus,clean,2,0,5,shuffled,,0.6200,0,0.000000,7.300000,0.007500,3,400,16,400
campplus,clean,2,0,5,shuffled,,0.6400,0,0.000000,7.515000,0.007500,3,400,16,400
campplus,clean,2,0,5,shuffled,,0.6600,0,0.000000,7.757500,0.000000,0,400,16,400
campplus,clean,2,0,5,shuffled,,0.6800,0,0.000000,7.757500,0.000000,0,400,16,400
campplus,clean,2,0,5,shuffled,,0.7000,0,0.000000,7.757500,0.000000,0,400,16,400
campplus,clean,2,1,5,shuffled,,0.2000,0,0.420000,0.927500,0.182500,72,222,16,400
campplus,clean,2,1,5,shuffled,,0.2200,0,0.295000,1.197500,0.170000,67,272,16,400
campplus,clean,2,1,5,shuffled,,0.2400,0,0.295000,1.202500,0.125000,50,274,16,400
campplus,clean,2,1,5,shuffled,,0.2600,0,0.237500,1.297500,0.092500,37,297,16,400
campplus,clean,2,1,5,shuffled,,0.2800,0,0.240000,1.442500,0.072500,29,297,16,400
campplus,clean,2,1,5,shuffled,,0.3000,0,0.257500,1.442500,0.055000,22,297,16,400
campplus,clean,2,1,5,shuffled,,0.3200,0,0.182500,2.040000,0.025000,10,327,16,400
campplus,clean,2,1,5,shuffled,,0.3400,0,0.182500,2.040000,0.012500,5,327,16,400
campplus,clean,2,1,5,shuffled,,0.3600,0,0.182500,2.155000,0.012500,5,327,16,400
campplus,clean,2,1,5,shuffled,,0.3800,0,0.182500,2.420000,0.012500,5,327,16,400
campplus,clean,2,1,5,shuffled,,0.4000,0,0.145000,2.627500,0.012500,5,342,16,400
campplus,clean,2,1,5,shuffled,,0.4200,0,0.145000,2.875000,0.000000,0,342,16,400
campplus,clean,2,1,5,shuffled,,0.4400,0,0.040000,3.387500,0.000000,0,384,16,400
campplus,clean,2,1,5,shuffled,,0.4600,1,0.005000,3.747500,0.000000,0,398,16,400
campplus,clean,2,1,5,shuffled,,0.4800,0,0.005000,4.152500,0.000000,0,398,16,400
campplus,clean,2,1,5,shuffled,,0.5000,0,0.000000,4.382500,0.000000,0,400,16,400
campplus,clean,2,1,5,shuffled,,0.5200,0,0.000000,4.767500,0.000000,0,400,16,400
campplus,clean,2,1,5,shuffled,,0.5400,0,0.000000,5.367500,0.000000,0,400,16,400
campplus,clean,2,1,5,shuffled,,0.5600,0,0.000000,5.367500,0.000000,0,400,16,400
campplus,clean,2,1,5,shuffled,,0.5800,0,0.000000,5.895000,0.000000,0,400,16,400
campplus,clean,2,1,5,shuffled,,0.6000,0,0.000000,6.515000,0.000000,0,400,16,400
campplus,clean,2,1,5,shuffled,,0.6200,0,0.000000,7.347500,0.000000,0,400,16,400
campplus,clean,2,1,5,shuffled,,0.6400,0,0.000000,7.347500,0.000000,0,400,16,400
campplus,clean,2,1,5,shuffled,,0.6600,0,0.000000,7.592500,0.000000,0,400,16,400
campplus,clean,2,1,5,shuffled,,0.6800,0,0.000000,7.755000,0.000000,0,400,16,400
campplus,clean,2,1,5,shuffled,,0.7000,0,0.000000,7.755000,0.000000,0,400,16,400
campplus,clean,2,2,5,shuffled,,0.2000,0,0.417500,0.945000,0.200000,80,227,16,400
campplus,clean,2,2,5,shuffled,,0.2200,0,0.347500,1.190000,0.110000,44,260,16,400
campplus,clean,2,2,5,shuffled,,0.2400,0,0.257500,1.317500,0.085000,34,296,16,400
campplus,clean,2,2,5,shuffled,,0.2600,0,0.195000,1.425000,0.070000,28,321,16,400
campplus,clean,2,2,5,shuffled,,0.2800,0,0.197500,1.425000,0.040000,16,321,16,400
campplus,clean,2,2,5,shuffled,,0.3000,0,0.197500,1.582500,0.040000,16,321,16,400
campplus,clean,2,2,5,shuffled,,0.3200,0,0.142500,2.217500,0.037500,15,343,16,400
campplus,clean,2,2,5,shuffled,,0.3400,0,0.142500,2.225000,0.007500,3,343,16,400
campplus,clean,2,2,5,shuffled,,0.3600,0,0.142500,2.687500,0.007500,3,343,16,400
campplus,clean,2,2,5,shuffled,,0.3800,0,0.112500,2.900000,0.000000,0,355,16,400
campplus,clean,2,2,5,shuffled,,0.4000,0,0.112500,3.017500,0.000000,0,355,16,400
campplus,clean,2,2,5,shuffled,,0.4200,1,0.112500,3.135000,0.000000,0,355,16,400
campplus,clean,2,2,5,shuffled,,0.4400,0,0.040000,3.435000,0.000000,0,384,16,400
campplus,clean,2,2,5,shuffled,,0.4600,0,0.017500,3.955000,0.000000,0,393,16,400
campplus,clean,2,2,5,shuffled,,0.4800,0,0.017500,4.065000,0.000000,0,393,16,400
campplus,clean,2,2,5,shuffled,,0.5000,0,0.017500,4.162500,0.000000,0,393,16,400
campplus,clean,2,2,5,shuffled,,0.5200,0,0.005000,4.562500,0.000000,0,398,16,400
campplus,clean,2,2,5,shuffled,,0.5400,0,0.005000,5.067500,0.000000,0,398,16,400
campplus,clean,2,2,5,shuffled,,0.5600,0,0.000000,5.600000,0.000000,0,400,16,400
campplus,clean,2,2,5,shuffled,,0.5800,0,0.000000,5.932500,0.000000,0,400,16,400
campplus,clean,2,2,5,shuffled,,0.6000,0,0.000000,6.430000,0.000000,0,400,16,400
campplus,clean,2,2,5,shuffled,,0.6200,0,0.000000,7.035000,0.000000,0,400,16,400
campplus,clean,2,2,5,shuffled,,0.6400,0,0.000000,7.432500,0.000000,0,400,16,400
campplus,clean,2,2,5,shuffled,,0.6600,0,0.000000,7.562500,0.000000,0,400,16,400
campplus,clean,2,2,5,shuffled,,0.6800,0,0.000000,7.702500,0.000000,0,400,16,400
campplus,clean,2,2,5,shuffled,,0.7000,0,0.000000,7.702500,0.000000,0,400,16,400
campplus,clean,3,0,5,shuffled,,0.2000,0,0.152500,1.975000,0.872500,244,328,16,400
campplus,clean,3,0,5,shuffled,,0.2200,0,0.062500,2.485000,0.690000,222,365,16,400
campplus,clean,3,0,5,shuffled,,0.2400,0,0.045000,2.577500,0.517500,168,374,16,400
campplus,clean,3,0,5,shuffled,,0.2600,0,0.045000,2.645000,0.460000,150,374,16,400
campplus,clean,3,0,5,shuffled,,0.2800,0,0.055000,2.872500,0.332500,110,374,16,400
campplus,clean,3,0,5,shuffled,,0.3000,0,0.055000,3.085000,0.315000,105,374,16,400
campplus,clean,3,0,5,shuffled,,0.3200,0,0.055000,3.835000,0.287500,95,374,16,400
campplus,clean,3,0,5,shuffled,,0.3400,1,0.065000,3.887500,0.195000,64,374,16,400
campplus,clean,3,0,5,shuffled,,0.3600,0,0.065000,4.452500,0.180000,64,374,16,400
campplus,clean,3,0,5,shuffled,,0.3800,0,0.065000,4.655000,0.110000,42,374,16,400
campplus,clean,3,0,5,shuffled,,0.4000,0,0.035000,4.802500,0.055000,22,386,16,400
campplus,clean,3,0,5,shuffled,,0.4200,0,0.035000,4.922500,0.040000,16,386,16,400
campplus,clean,3,0,5,shuffled,,0.4400,0,0.012500,5.297500,0.040000,16,395,16,400
campplus,clean,3,0,5,shuffled,,0.4600,0,0.000000,6.052500,0.022500,9,400,16,400
campplus,clean,3,0,5,shuffled,,0.4800,0,0.000000,6.457500,0.022500,9,400,16,400
campplus,clean,3,0,5,shuffled,,0.5000,0,0.000000,6.992500,0.022500,9,400,16,400
campplus,clean,3,0,5,shuffled,,0.5200,0,0.000000,7.370000,0.022500,9,400,16,400
campplus,clean,3,0,5,shuffled,,0.5400,0,0.000000,8.335000,0.022500,9,400,16,400
campplus,clean,3,0,5,shuffled,,0.5600,0,0.000000,8.675000,0.022500,9,400,16,400
campplus,clean,3,0,5,shuffled,,0.5800,0,0.000000,9.417500,0.022500,9,400,16,400
campplus,clean,3,0,5,shuffled,,0.6000,0,0.000000,10.172500,0.022500,9,400,16,400
campplus,clean,3,0,5,shuffled,,0.6200,0,0.000000,10.920000,0.022500,9,400,16,400
campplus,clean,3,0,5,shuffled,,0.6400,0,0.000000,11.280000,0.022500,9,400,16,400
campplus,clean,3,0,5,shuffled,,0.6600,0,0.000000,11.675000,0.000000,0,400,16,400
campplus,clean,3,0,5,shuffled,,0.6800,0,0.000000,11.675000,0.000000,0,400,16,400
campplus,clean,3,0,5,shuffled,,0.7000,0,0.000000,11.675000,0.000000,0,400,16,400
campplus,clean,3,1,5,shuffled,,0.2000,0,0.277500,1.510000,0.595000,191,275,16,400
campplus,clean,3,1,5,shuffled,,0.2200,0,0.105000,1.880000,0.535000,178,348,16,400
campplus,clean,3,1,5,shuffled,,0.2400,0,0.105000,1.920000,0.385000,137,354,16,400
campplus,clean,3,1,5,shuffled,,0.2600,0,0.075000,2.045000,0.297500,108,366,16,400
campplus,clean,3,1,5,shuffled,,0.2800,0,0.077500,2.225000,0.202500,78,366,16,400
campplus,clean,3,1,5,shuffled,,0.3000,0,0.085000,2.225000,0.185000,74,366,16,400
campplus,clean,3,1,5,shuffled,,0.3200,0,0.062500,3.140000,0.082500,33,375,16,400
campplus,clean,3,1,5,shuffled,,0.3400,0,0.062500,3.140000,0.025000,10,375,16,400
campplus,clean,3,1,5,shuffled,,0.3600,0,0.062500,3.365000,0.025000,10,375,16,400
campplus,clean,3,1,5,shuffled,,0.3800,0,0.062500,3.730000,0.025000,10,375,16,400
campplus,clean,3,1,5,shuffled,,0.4000,0,0.037500,4.120000,0.025000,10,385,16,400
campplus,clean,3,1,5,shuffled,,0.4200,0,0.037500,4.487500,0.000000,0,385,16,400
campplus,clean,3,1,5,shuffled,,0.4400,0,0.000000,5.255000,0.000000,0,400,16,400
campplus,clean,3,1,5,shuffled,,0.4600,1,0.000000,5.795000,0.000000,0,400,16,400
campplus,clean,3,1,5,shuffled,,0.4800,0,0.000000,6.342500,0.000000,0,400,16,400
campplus,clean,3,1,5,shuffled,,0.5000,0,0.000000,6.725000,0.000000,0,400,16,400
campplus,clean,3,1,5,shuffled,,0.5200,0,0.000000,7.325000,0.000000,0,400,16,400
campplus,clean,3,1,5,shuffled,,0.5400,0,0.000000,8.257500,0.000000,0,400,16,400
campplus,clean,3,1,5,shuffled,,0.5600,0,0.000000,8.257500,0.000000,0,400,16,400
campplus,clean,3,1,5,shuffled,,0.5800,0,0.000000,8.995000,0.000000,0,400,16,400
campplus,clean,3,1,5,shuffled,,0.6000,0,0.000000,9.980000,0.000000,0,400,16,400
campplus,clean,3,1,5,shuffled,,0.6200,0,0.000000,11.062500,0.000000,0,400,16,400
campplus,clean,3,1,5,shuffled,,0.6400,0,0.000000,11.062500,0.000000,0,400,16,400
campplus,clean,3,1,5,shuffled,,0.6600,0,0.000000,11.452500,0.000000,0,400,16,400
campplus,clean,3,1,5,shuffled,,0.6800,0,0.000000,11.652500,0.000000,0,400,16,400
campplus,clean,3,1,5,shuffled,,0.7000,0,0.000000,11.652500,0.000000,0,400,16,400
campplus,clean,3,2,5,shuffled,,0.2000,0,0.195000,1.522500,0.587500,197,306,16,400
campplus,clean,3,2,5,shuffled,,0.2200,0,0.162500,1.882500,0.362500,130,326,16,400
campplus,clean,3,2,5,shuffled,,0.2400,0,0.092500,2.012500,0.285000,105,358,16,400
campplus,clean,3,2,5,shuffled,,0.2600,0,0.070000,2.157500,0.235000,90,367,16,400
campplus,clean,3,2,5,shuffled,,0.2800,0,0.082500,2.157500,0.170000,67,367,16,400
campplus,clean,3,2,5,shuffled,,0.3000,0,0.082500,2.337500,0.170000,67,367,16,400
campplus,clean,3,2,5,shuffled,,0.3200,0,0.065000,3.247500,0.150000,60,374,16,400
campplus,clean,3,2,5,shuffled,,0.3400,0,0.065000,3.277500,0.030000,12,374,16,400
campplus,clean,3,2,5,shuffled,,0.3600,0,0.065000,3.830000,0.030000,12,374,16,400
campplus,clean,3,2,5,shuffled,,0.3800,0,0.030000,4.205000,0.000000,0,388,16,400
campplus,clean,3,2,5,shuffled,,0.4000,0,0.030000,4.402500,0.000000,0,388,16,400
campplus,clean,3,2,5,shuffled,,0.4200,1,0.030000,4.600000,0.000000,0,388,16,400
campplus,clean,3,2,5,shuffled,,0.4400,0,0.002500,5.150000,0.000000,0,399,16,400
campplus,clean,3,2,5,shuffled,,0.4600,0,0.000000,5.925000,0.000000,0,400,16,400
campplus,clean,3,2,5,shuffled,,0.4800,0,0.000000,6.122500,0.000000,0,400,16,400
campplus,clean,3,2,5,shuffled,,0.5000,0,0.000000,6.302500,0.000000,0,400,16,400
campplus,clean,3,2,5,shuffled,,0.5200,0,0.000000,7.037500,0.000000,0,400,16,400
campplus,clean,3,2,5,shuffled,,0.5400,0,0.000000,7.785000,0.000000,0,400,16,400
campplus,clean,3,2,5,shuffled,,0.5600,0,0.000000,8.532500,0.000000,0,400,16,400
campplus,clean,3,2,5,shuffled,,0.5800,0,0.000000,9.072500,0.000000,0,400,16,400
campplus,clean,3,2,5,shuffled,,0.6000,0,0.000000,9.812500,0.000000,0,400,16,400
campplus,clean,3,2,5,shuffled,,0.6200,0,0.000000,10.760000,0.000000,0,400,16,400
campplus,clean,3,2,5,shuffled,,0.6400,0,0.000000,11.295000,0.000000,0,400,16,400
campplus,clean,3,2,5,shuffled,,0.6600,0,0.000000,11.462500,0.000000,0,400,16,400
campplus,clean,3,2,5,shuffled,,0.6800,0,0.000000,11.622500,0.000000,0,400,16,400
campplus,clean,3,2,5,shuffled,,0.7000,0,0.000000,11.622500,0.000000,0,400,16,400
campplus,clean,5,0,5,shuffled,,0.2000,0,0.010000,3.702500,2.300000,379,393,16,400
campplus,clean,5,0,5,shuffled,,0.2200,0,0.000000,4.387500,1.877500,368,398,16,400
campplus,clean,5,0,5,shuffled,,0.2400,0,0.000000,4.512500,1.572500,334,398,16,400
campplus,clean,5,0,5,shuffled,,0.2600,0,0.000000,4.720000,1.447500,320,398,16,400
campplus,clean,5,0,5,shuffled,,0.2800,0,0.000000,5.002500,1.127500,276,398,16,400
campplus,clean,5,0,5,shuffled,,0.3000,0,0.000000,5.360000,1.027500,267,398,16,400
campplus,clean,5,0,5,shuffled,,0.3200,0,0.000000,6.535000,0.860000,228,398,16,400
campplus,clean,5,0,5,shuffled,,0.3400,1,0.005000,6.595000,0.580000,162,398,16,400
campplus,clean,5,0,5,shuffled,,0.3600,0,0.005000,7.510000,0.545000,162,398,16,400
campplus,clean,5,0,5,shuffled,,0.3800,0,0.005000,7.787500,0.390000,132,398,16,400
campplus,clean,5,0,5,shuffled,,0.4000,0,0.000000,7.967500,0.187500,62,400,16,400
campplus,clean,5,0,5,shuffled,,0.4200,0,0.000000,8.192500,0.130000,46,400,16,400
campplus,clean,5,0,5,shuffled,,0.4400,0,0.000000,8.827500,0.130000,46,400,16,400
campplus,clean,5,0,5,shuffled,,0.4600,0,0.000000,9.935000,0.062500,25,400,16,400
campplus,clean,5,0,5,shuffled,,0.4800,0,0.000000,10.545000,0.062500,25,400,16,400
campplus,clean,5,0,5,shuffled,,0.5000,0,0.000000,11.530000,0.062500,25,400,16,400
campplus,clean,5,0,5,shuffled,,0.5200,0,0.000000,12.170000,0.062500,25,400,16,400
campplus,clean,5,0,5,shuffled,,0.5400,0,0.000000,13.712500,0.062500,25,400,16,400
campplus,clean,5,0,5,shuffled,,0.5600,0,0.000000,14.345000,0.062500,25,400,16,400
campplus,clean,5,0,5,shuffled,,0.5800,0,0.000000,15.640000,0.062500,25,400,16,400
campplus,clean,5,0,5,shuffled,,0.6000,0,0.000000,16.817500,0.062500,25,400,16,400
campplus,clean,5,0,5,shuffled,,0.6200,0,0.000000,18.025000,0.062500,25,400,16,400
campplus,clean,5,0,5,shuffled,,0.6400,0,0.000000,18.662500,0.062500,25,400,16,400
campplus,clean,5,0,5,shuffled,,0.6600,0,0.000000,19.315000,0.000000,0,400,16,400
campplus,clean,5,0,5,shuffled,,0.6800,0,0.000000,19.315000,0.000000,0,400,16,400
campplus,clean,5,0,5,shuffled,,0.7000,0,0.000000,19.315000,0.000000,0,400,16,400
campplus,clean,5,1,5,shuffled,,0.2000,0,0.035000,2.980000,1.795000,352,376,16,400
campplus,clean,5,1,5,shuffled,,0.2200,0,0.005000,3.435000,1.537500,336,394,16,400
campplus,clean,5,1,5,shuffled,,0.2400,0,0.005000,3.477500,1.187500,296,397,16,400
campplus,clean,5,1,5,shuffled,,0.2600,0,0.005000,3.692500,0.952500,262,397,16,400
campplus,clean,5,1,5,shuffled,,0.2800,0,0.005000,4.025000,0.547500,192,397,16,400
campplus,clean,5,1,5,shuffled,,0.3000,0,0.007500,4.025000,0.490000,179,397,16,400
campplus,clean,5,1,5,shuffled,,0.3200,0,0.005000,5.492500,0.230000,92,398,16,400
campplus,clean,5,1,5,shuffled,,0.3400,0,0.005000,5.492500,0.087500,35,398,16,400
campplus,clean,5,1,5,shuffled,,0.3600,0,0.005000,5.842500,0.087500,35,398,16,400
campplus,clean,5,1,5,shuffled,,0.3800,0,0.005000,6.452500,0.087500,35,398,16,400
campplus,clean,5,1,5,shuffled,,0.4000,0,0.000000,7.075000,0.087500,35,400,16,400
campplus,clean,5,1,5,shuffled,,0.4200,0,0.000000,7.712500,0.000000,0,400,16,400
campplus,clean,5,1,5,shuffled,,0.4400,0,0.000000,8.940000,0.000000,0,400,16,400
campplus,clean,5,1,5,shuffled,,0.4600,1,0.000000,9.890000,0.000000,0,400,16,400
campplus,clean,5,1,5,shuffled,,0.4800,0,0.000000,10.885000,0.000000,0,400,16,400
campplus,clean,5,1,5,shuffled,,0.5000,0,0.000000,11.472500,0.000000,0,400,16,400
campplus,clean,5,1,5,shuffled,,0.5200,0,0.000000,12.447500,0.000000,0,400,16,400
campplus,clean,5,1,5,shuffled,,0.5400,0,0.000000,14.017500,0.000000,0,400,16,400
campplus,clean,5,1,5,shuffled,,0.5600,0,0.000000,14.017500,0.000000,0,400,16,400
campplus,clean,5,1,5,shuffled,,0.5800,0,0.000000,15.160000,0.000000,0,400,16,400
campplus,clean,5,1,5,shuffled,,0.6000,0,0.000000,16.757500,0.000000,0,400,16,400
campplus,clean,5,1,5,shuffled,,0.6200,0,0.000000,18.530000,0.000000,0,400,16,400
campplus,clean,5,1,5,shuffled,,0.6400,0,0.000000,18.530000,0.000000,0,400,16,400
campplus,clean,5,1,5,shuffled,,0.6600,0,0.000000,19.147500,0.000000,0,400,16,400
campplus,clean,5,1,5,shuffled,,0.6800,0,0.000000,19.400000,0.000000,0,400,16,400
campplus,clean,5,1,5,shuffled,,0.7000,0,0.000000,19.400000,0.000000,0,400,16,400
campplus,clean,5,2,5,shuffled,,0.2000,0,0.020000,2.755000,1.727500,369,375,16,400
campplus,clean,5,2,5,shuffled,,0.2200,0,0.030000,3.337500,1.167500,306,382,16,400
campplus,clean,5,2,5,shuffled,,0.2400,0,0.020000,3.472500,0.897500,258,392,16,400
campplus,clean,5,2,5,shuffled,,0.2600,0,0.012500,3.622500,0.760000,239,395,16,400
campplus,clean,5,2,5,shuffled,,0.2800,0,0.012500,3.622500,0.522500,180,395,16,400
campplus,clean,5,2,5,shuffled,,0.3000,0,0.012500,3.845000,0.522500,180,395,16,400
campplus,clean,5,2,5,shuffled,,0.3200,0,0.007500,5.307500,0.457500,164,397,16,400
campplus,clean,5,2,5,shuffled,,0.3400,0,0.007500,5.380000,0.095000,29,397,16,400
campplus,clean,5,2,5,shuffled,,0.3600,0,0.007500,6.240000,0.072500,29,397,16,400
campplus,clean,5,2,5,shuffled,,0.3800,0,0.000000,6.910000,0.000000,0,400,16,400
campplus,clean,5,2,5,shuffled,,0.4000,0,0.000000,7.225000,0.000000,0,400,16,400
campplus,clean,5,2,5,shuffled,,0.4200,1,0.000000,7.540000,0.000000,0,400,16,400
campplus,clean,5,2,5,shuffled,,0.4400,0,0.000000,8.535000,0.000000,0,400,16,400
campplus,clean,5,2,5,shuffled,,0.4600,0,0.000000,9.830000,0.000000,0,400,16,400
campplus,clean,5,2,5,shuffled,,0.4800,0,0.000000,10.155000,0.000000,0,400,16,400
campplus,clean,5,2,5,shuffled,,0.5000,0,0.000000,10.465000,0.000000,0,400,16,400
campplus,clean,5,2,5,shuffled,,0.5200,0,0.000000,11.715000,0.000000,0,400,16,400
campplus,clean,5,2,5,shuffled,,0.5400,0,0.000000,12.942500,0.000000,0,400,16,400
campplus,clean,5,2,5,shuffled,,0.5600,0,0.000000,14.177500,0.000000,0,400,16,400
campplus,clean,5,2,5,shuffled,,0.5800,0,0.000000,15.162500,0.000000,0,400,16,400
campplus,clean,5,2,5,shuffled,,0.6000,0,0.000000,16.392500,0.000000,0,400,16,400
campplus,clean,5,2,5,shuffled,,0.6200,0,0.000000,17.930000,0.000000,0,400,16,400
campplus,clean,5,2,5,shuffled,,0.6400,0,0.000000,18.817500,0.000000,0,400,16,400
campplus,clean,5,2,5,shuffled,,0.6600,0,0.000000,19.120000,0.000000,0,400,16,400
campplus,clean,5,2,5,shuffled,,0.6800,0,0.000000,19.387500,0.000000,0,400,16,400
campplus,clean,5,2,5,shuffled,,0.7000,0,0.000000,19.387500,0.000000,0,400,16,400
campplus,far-field,2,0,5,shuffled,,0.2000,0,0.237500,1.440000,0.467500,167,285,16,400
campplus,far-field,2,0,5,shuffled,,0.2200,0,0.212500,1.655000,0.445000,156,313,16,400
campplus,far-field,2,0,5,shuffled,,0.2400,0,0.212500,1.882500,0.385000,142,313,16,400
campplus,far-field,2,0,5,shuffled,,0.2600,0,0.112500,2.327500,0.367500,135,353,16,400
campplus,far-field,2,0,5,shuffled,,0.2800,0,0.062500,2.675000,0.332500,128,373,16,400
campplus,far-field,2,0,5,shuffled,,0.3000,0,0.010000,3.065000,0.305000,117,396,16,400
campplus,far-field,2,0,5,shuffled,,0.3200,0,0.002500,3.452500,0.237500,90,399,16,400
campplus,far-field,2,0,5,shuffled,,0.3400,0,0.002500,3.827500,0.190000,71,399,16,400
campplus,far-field,2,0,5,shuffled,,0.3600,0,0.002500,3.907500,0.165000,61,399,16,400
campplus,far-field,2,0,5,shuffled,,0.3800,0,0.000000,4.242500,0.082500,30,400,16,400
campplus,far-field,2,0,5,shuffled,,0.4000,0,0.000000,4.592500,0.067500,24,400,16,400
campplus,far-field,2,0,5,shuffled,,0.4200,0,0.000000,4.717500,0.060000,21,400,16,400
campplus,far-field,2,0,5,shuffled,,0.4400,0,0.000000,5.362500,0.037500,15,400,16,400
campplus,far-field,2,0,5,shuffled,,0.4600,0,0.000000,5.827500,0.027500,11,400,16,400
campplus,far-field,2,0,5,shuffled,,0.4800,0,0.000000,6.207500,0.015000,6,400,16,400
campplus,far-field,2,0,5,shuffled,,0.5000,1,0.000000,6.425000,0.010000,4,400,16,400
campplus,far-field,2,0,5,shuffled,,0.5200,0,0.000000,6.837500,0.010000,4,400,16,400
campplus,far-field,2,0,5,shuffled,,0.5400,0,0.000000,6.985000,0.010000,4,400,16,400
campplus,far-field,2,0,5,shuffled,,0.5600,0,0.000000,7.090000,0.000000,0,400,16,400
campplus,far-field,2,0,5,shuffled,,0.5800,0,0.000000,7.455000,0.000000,0,400,16,400
campplus,far-field,2,0,5,shuffled,,0.6000,0,0.000000,7.770000,0.000000,0,400,16,400
campplus,far-field,2,0,5,shuffled,,0.6200,0,0.000000,7.770000,0.000000,0,400,16,400
campplus,far-field,2,0,5,shuffled,,0.6400,0,0.000000,7.875000,0.000000,0,400,16,400
campplus,far-field,2,0,5,shuffled,,0.6600,0,0.000000,7.875000,0.000000,0,400,16,400
campplus,far-field,2,0,5,shuffled,,0.6800,0,0.000000,7.875000,0.000000,0,400,16,400
campplus,far-field,2,0,5,shuffled,,0.7000,0,0.000000,7.875000,0.000000,0,400,16,400
campplus,far-field,2,1,5,shuffled,,0.2000,0,0.227500,1.340000,0.380000,142,288,16,400
campplus,far-field,2,1,5,shuffled,,0.2200,0,0.245000,1.422500,0.315000,116,292,16,400
campplus,far-field,2,1,5,shuffled,,0.2400,0,0.245000,1.450000,0.302500,114,292,16,400
campplus,far-field,2,1,5,shuffled,,0.2600,0,0.192500,1.860000,0.252500,92,323,16,400
campplus,far-field,2,1,5,shuffled,,0.2800,0,0.097500,2.545000,0.225000,80,361,16,400
campplus,far-field,2,1,5,shuffled,,0.3000,0,0.042500,3.070000,0.192500,68,383,16,400
campplus,far-field,2,1,5,shuffled,,0.3200,0,0.020000,3.297500,0.132500,44,392,16,400
campplus,far-field,2,1,5,shuffled,,0.3400,0,0.020000,3.690000,0.095000,33,392,16,400
campplus,far-field,2,1,5,shuffled,,0.3600,0,0.000000,3.922500,0.080000,27,400,16,400
campplus,far-field,2,1,5,shuffled,,0.3800,0,0.000000,4.257500,0.067500,22,400,16,400
campplus,far-field,2,1,5,shuffled,,0.4000,0,0.000000,4.665000,0.047500,14,400,16,400
campplus,far-field,2,1,5,shuffled,,0.4200,0,0.000000,5.220000,0.022500,9,400,16,400
campplus,far-field,2,1,5,shuffled,,0.4400,0,0.000000,5.972500,0.020000,8,400,16,400
campplus,far-field,2,1,5,shuffled,,0.4600,0,0.000000,6.465000,0.020000,8,400,16,400
campplus,far-field,2,1,5,shuffled,,0.4800,0,0.000000,6.877500,0.020000,8,400,16,400
campplus,far-field,2,1,5,shuffled,,0.5000,1,0.000000,6.997500,0.020000,8,400,16,400
campplus,far-field,2,1,5,shuffled,,0.5200,0,0.000000,7.352500,0.020000,8,400,16,400
campplus,far-field,2,1,5,shuffled,,0.5400,0,0.000000,7.352500,0.020000,8,400,16,400
campplus,far-field,2,1,5,shuffled,,0.5600,0,0.000000,7.352500,0.000000,0,400,16,400
campplus,far-field,2,1,5,shuffled,,0.5800,0,0.000000,7.640000,0.000000,0,400,16,400
campplus,far-field,2,1,5,shuffled,,0.6000,0,0.000000,7.880000,0.000000,0,400,16,400
campplus,far-field,2,1,5,shuffled,,0.6200,0,0.000000,7.880000,0.000000,0,400,16,400
campplus,far-field,2,1,5,shuffled,,0.6400,0,0.000000,7.880000,0.000000,0,400,16,400
campplus,far-field,2,1,5,shuffled,,0.6600,0,0.000000,7.880000,0.000000,0,400,16,400
campplus,far-field,2,1,5,shuffled,,0.6800,0,0.000000,7.880000,0.000000,0,400,16,400
campplus,far-field,2,1,5,shuffled,,0.7000,0,0.000000,7.880000,0.000000,0,400,16,400
campplus,far-field,2,2,5,shuffled,,0.2000,0,0.147500,1.402500,0.440000,167,323,16,400
campplus,far-field,2,2,5,shuffled,,0.2200,0,0.137500,1.500000,0.345000,129,341,16,400
campplus,far-field,2,2,5,shuffled,,0.2400,0,0.137500,1.762500,0.325000,122,341,16,400
campplus,far-field,2,2,5,shuffled,,0.2600,0,0.145000,2.082500,0.250000,92,341,16,400
campplus,far-field,2,2,5,shuffled,,0.2800,0,0.110000,2.447500,0.202500,77,355,16,400
campplus,far-field,2,2,5,shuffled,,0.3000,0,0.067500,2.742500,0.172500,65,373,16,400
campplus,far-field,2,2,5,shuffled,,0.3200,0,0.052500,3.250000,0.132500,49,379,16,400
campplus,far-field,2,2,5,shuffled,,0.3400,0,0.052500,3.515000,0.132500,49,379,16,400
campplus,far-field,2,2,5,shuffled,,0.3600,0,0.035000,3.697500,0.105000,38,386,16,400
campplus,far-field,2,2,5,shuffled,,0.3800,0,0.007500,4.060000,0.092500,33,397,16,400
campplus,far-field,2,2,5,shuffled,,0.4000,0,0.000000,4.397500,0.065000,22,400,16,400
campplus,far-field,2,2,5,shuffled,,0.4200,0,0.000000,4.890000,0.040000,12,400,16,400
campplus,far-field,2,2,5,shuffled,,0.4400,0,0.000000,5.582500,0.030000,12,400,16,400
campplus,far-field,2,2,5,shuffled,,0.4600,0,0.000000,6.350000,0.015000,6,400,16,400
campplus,far-field,2,2,5,shuffled,,0.4800,0,0.000000,6.825000,0.000000,0,400,16,400
campplus,far-field,2,2,5,shuffled,,0.5000,0,0.000000,6.825000,0.000000,0,400,16,400
campplus,far-field,2,2,5,shuffled,,0.5200,0,0.000000,7.062500,0.000000,0,400,16,400
campplus,far-field,2,2,5,shuffled,,0.5400,0,0.000000,7.300000,0.000000,0,400,16,400
campplus,far-field,2,2,5,shuffled,,0.5600,1,0.000000,7.440000,0.000000,0,400,16,400
campplus,far-field,2,2,5,shuffled,,0.5800,0,0.000000,7.692500,0.000000,0,400,16,400
campplus,far-field,2,2,5,shuffled,,0.6000,0,0.000000,7.692500,0.000000,0,400,16,400
campplus,far-field,2,2,5,shuffled,,0.6200,0,0.000000,7.692500,0.000000,0,400,16,400
campplus,far-field,2,2,5,shuffled,,0.6400,0,0.000000,7.832500,0.000000,0,400,16,400
campplus,far-field,2,2,5,shuffled,,0.6600,0,0.000000,7.832500,0.000000,0,400,16,400
campplus,far-field,2,2,5,shuffled,,0.6800,0,0.000000,7.832500,0.000000,0,400,16,400
campplus,far-field,2,2,5,shuffled,,0.7000,0,0.000000,7.832500,0.000000,0,400,16,400
campplus,far-field,3,0,5,shuffled,,0.2000,0,0.070000,2.590000,1.285000,316,352,16,400
campplus,far-field,3,0,5,shuffled,,0.2200,0,0.062500,2.877500,1.205000,301,370,16,400
campplus,far-field,3,0,5,shuffled,,0.2400,0,0.062500,3.170000,1.107500,295,370,16,400
campplus,far-field,3,0,5,shuffled,,0.2600,0,0.032500,3.722500,1.017500,273,383,16,400
campplus,far-field,3,0,5,shuffled,,0.2800,0,0.010000,4.372500,0.885000,251,392,16,400
campplus,far-field,3,0,5,shuffled,,0.3000,0,0.000000,4.870000,0.810000,232,400,16,400
campplus,far-field,3,0,5,shuffled,,0.3200,0,0.000000,5.302500,0.645000,193,400,16,400
campplus,far-field,3,0,5,shuffled,,0.3400,0,0.000000,5.935000,0.560000,170,400,16,400
campplus,far-field,3,0,5,shuffled,,0.3600,0,0.000000,6.025000,0.490000,148,400,16,400
campplus,far-field,3,0,5,shuffled,,0.3800,0,0.000000,6.535000,0.277500,93,400,16,400
campplus,far-field,3,0,5,shuffled,,0.4000,0,0.000000,7.070000,0.227500,77,400,16,400
campplus,far-field,3,0,5,shuffled,,0.4200,0,0.000000,7.297500,0.205000,68,400,16,400
campplus,far-field,3,0,5,shuffled,,0.4400,0,0.000000,8.317500,0.152500,59,400,16,400
campplus,far-field,3,0,5,shuffled,,0.4600,0,0.000000,8.997500,0.102500,40,400,16,400
campplus,far-field,3,0,5,shuffled,,0.4800,0,0.000000,9.515000,0.047500,19,400,16,400
campplus,far-field,3,0,5,shuffled,,0.5000,1,0.000000,9.820000,0.012500,5,400,16,400
campplus,far-field,3,0,5,shuffled,,0.5200,0,0.000000,10.377500,0.012500,5,400,16,400
campplus,far-field,3,0,5,shuffled,,0.5400,0,0.000000,10.575000,0.012500,5,400,16,400
campplus,far-field,3,0,5,shuffled,,0.5600,0,0.000000,10.762500,0.000000,0,400,16,400
campplus,far-field,3,0,5,shuffled,,0.5800,0,0.000000,11.255000,0.000000,0,400,16,400
campplus,far-field,3,0,5,shuffled,,0.6000,0,0.000000,11.655000,0.000000,0,400,16,400
campplus,far-field,3,0,5,shuffled,,0.6200,0,0.000000,11.655000,0.000000,0,400,16,400
campplus,far-field,3,0,5,shuffled,,0.6400,0,0.000000,11.842500,0.000000,0,400,16,400
campplus,far-field,3,0,5,shuffled,,0.6600,0,0.000000,11.842500,0.000000,0,400,16,400
campplus,far-field,3,0,5,shuffled,,0.6800,0,0.000000,11.842500,0.000000,0,400,16,400
campplus,far-field,3,0,5,shuffled,,0.7000,0,0.000000,11.842500,0.000000,0,400,16,400
campplus,far-field,3,1,5,shuffled,,0.2000,0,0.075000,2.222500,1.057500,282,340,16,400
campplus,far-field,3,1,5,shuffled,,0.2200,0,0.087500,2.420000,0.940000,263,348,16,400
campplus,far-field,3,1,5,shuffled,,0.2400,0,0.087500,2.580000,0.877500,259,349,16,400
campplus,far-field,3,1,5,shuffled,,0.2600,0,0.072500,3.207500,0.805000,233,371,16,400
campplus,far-field,3,1,5,shuffled,,0.2800,0,0.025000,4.020000,0.742500,220,390,16,400
campplus,far-field,3,1,5,shuffled,,0.3000,0,0.002500,4.767500,0.675000,210,399,16,400
campplus,far-field,3,1,5,shuffled,,0.3200,0,0.000000,5.107500,0.447500,141,400,16,400
campplus,far-field,3,1,5,shuffled,,0.3400,0,0.000000,5.675000,0.327500,112,400,16,400
campplus,far-field,3,1,5,shuffled,,0.3600,0,0.000000,5.995000,0.207500,73,400,16,400
campplus,far-field,3,1,5,shuffled,,0.3800,0,0.000000,6.520000,0.170000,58,400,16,400
campplus,far-field,3,1,5,shuffled,,0.4000,0,0.000000,7.077500,0.115000,37,400,16,400
campplus,far-field,3,1,5,shuffled,,0.4200,0,0.000000,7.855000,0.055000,22,400,16,400
campplus,far-field,3,1,5,shuffled,,0.4400,0,0.000000,9.040000,0.040000,16,400,16,400
campplus,far-field,3,1,5,shuffled,,0.4600,0,0.000000,9.787500,0.040000,16,400,16,400
campplus,far-field,3,1,5,shuffled,,0.4800,0,0.000000,10.355000,0.040000,16,400,16,400
campplus,far-field,3,1,5,shuffled,,0.5000,1,0.000000,10.542500,0.040000,16,400,16,400
campplus,far-field,3,1,5,shuffled,,0.5200,0,0.000000,11.117500,0.040000,16,400,16,400
campplus,far-field,3,1,5,shuffled,,0.5400,0,0.000000,11.117500,0.040000,16,400,16,400
campplus,far-field,3,1,5,shuffled,,0.5600,0,0.000000,11.117500,0.000000,0,400,16,400
campplus,far-field,3,1,5,shuffled,,0.5800,0,0.000000,11.500000,0.000000,0,400,16,400
campplus,far-field,3,1,5,shuffled,,0.6000,0,0.000000,11.835000,0.000000,0,400,16,400
campplus,far-field,3,1,5,shuffled,,0.6200,0,0.000000,11.835000,0.000000,0,400,16,400
campplus,far-field,3,1,5,shuffled,,0.6400,0,0.000000,11.835000,0.000000,0,400,16,400
campplus,far-field,3,1,5,shuffled,,0.6600,0,0.000000,11.835000,0.000000,0,400,16,400
campplus,far-field,3,1,5,shuffled,,0.6800,0,0.000000,11.835000,0.000000,0,400,16,400
campplus,far-field,3,1,5,shuffled,,0.7000,0,0.000000,11.835000,0.000000,0,400,16,400
campplus,far-field,3,2,5,shuffled,,0.2000,0,0.020000,2.375000,1.272500,335,375,16,400
campplus,far-field,3,2,5,shuffled,,0.2200,0,0.015000,2.550000,1.082500,294,387,16,400
campplus,far-field,3,2,5,shuffled,,0.2400,0,0.015000,2.892500,1.002500,286,387,16,400
campplus,far-field,3,2,5,shuffled,,0.2600,0,0.020000,3.302500,0.807500,232,388,16,400
campplus,far-field,3,2,5,shuffled,,0.2800,0,0.020000,3.745000,0.687500,211,388,16,400
campplus,far-field,3,2,5,shuffled,,0.3000,0,0.007500,4.285000,0.585000,189,397,16,400
campplus,far-field,3,2,5,shuffled,,0.3200,0,0.002500,4.965000,0.460000,153,399,16,400
campplus,far-field,3,2,5,shuffled,,0.3400,0,0.002500,5.367500,0.440000,150,399,16,400
campplus,far-field,3,2,5,shuffled,,0.3600,0,0.002500,5.712500,0.322500,116,399,16,400
campplus,far-field,3,2,5,shuffled,,0.3800,0,0.000000,6.220000,0.272500,96,400,16,400
campplus,far-field,3,2,5,shuffled,,0.4000,0,0.000000,6.785000,0.200000,69,400,16,400
campplus,far-field,3,2,5,shuffled,,0.4200,0,0.000000,7.450000,0.120000,38,400,16,400
campplus,far-field,3,2,5,shuffled,,0.4400,0,0.000000,8.507500,0.097500,38,400,16,400
campplus,far-field,3,2,5,shuffled,,0.4600,0,0.000000,9.637500,0.050000,20,400,16,400
campplus,far-field,3,2,5,shuffled,,0.4800,0,0.000000,10.315000,0.000000,0,400,16,400
campplus,far-field,3,2,5,shuffled,,0.5000,0,0.000000,10.315000,0.000000,0,400,16,400
campplus,far-field,3,2,5,shuffled,,0.5200,0,0.000000,10.682500,0.000000,0,400,16,400
campplus,far-field,3,2,5,shuffled,,0.5400,0,0.000000,11.022500,0.000000,0,400,16,400
campplus,far-field,3,2,5,shuffled,,0.5600,1,0.000000,11.212500,0.000000,0,400,16,400
campplus,far-field,3,2,5,shuffled,,0.5800,0,0.000000,11.600000,0.000000,0,400,16,400
campplus,far-field,3,2,5,shuffled,,0.6000,0,0.000000,11.600000,0.000000,0,400,16,400
campplus,far-field,3,2,5,shuffled,,0.6200,0,0.000000,11.600000,0.000000,0,400,16,400
campplus,far-field,3,2,5,shuffled,,0.6400,0,0.000000,11.790000,0.000000,0,400,16,400
campplus,far-field,3,2,5,shuffled,,0.6600,0,0.000000,11.790000,0.000000,0,400,16,400
campplus,far-field,3,2,5,shuffled,,0.6800,0,0.000000,11.790000,0.000000,0,400,16,400
campplus,far-field,3,2,5,shuffled,,0.7000,0,0.000000,11.790000,0.000000,0,400,16,400
campplus,far-field,5,0,5,shuffled,,0.2000,0,0.000000,5.010000,3.577500,395,396,16,400
campplus,far-field,5,0,5,shuffled,,0.2200,0,0.000000,5.637500,3.390000,391,399,16,400
campplus,far-field,5,0,5,shuffled,,0.2400,0,0.000000,6.115000,3.037500,391,399,16,400
campplus,far-field,5,0,5,shuffled,,0.2600,0,0.000000,6.757500,2.735000,384,400,16,400
campplus,far-field,5,0,5,shuffled,,0.2800,0,0.000000,7.547500,2.415000,373,400,16,400
campplus,far-field,5,0,5,shuffled,,0.3000,0,0.000000,8.375000,2.227500,368,400,16,400
campplus,far-field,5,0,5,shuffled,,0.3200,0,0.000000,8.870000,1.767500,346,400,16,400
campplus,far-field,5,0,5,shuffled,,0.3400,0,0.000000,9.977500,1.567500,325,400,16,400
campplus,far-field,5,0,5,shuffled,,0.3600,0,0.000000,10.042500,1.362500,298,400,16,400
campplus,far-field,5,0,5,shuffled,,0.3800,0,0.000000,10.737500,0.847500,239,400,16,400
campplus,far-field,5,0,5,shuffled,,0.4000,0,0.000000,11.725000,0.702500,205,400,16,400
campplus,far-field,5,0,5,shuffled,,0.4200,0,0.000000,12.010000,0.625000,184,400,16,400
campplus,far-field,5,0,5,shuffled,,0.4400,0,0.000000,13.552500,0.465000,164,400,16,400
campplus,far-field,5,0,5,shuffled,,0.4600,0,0.000000,14.865000,0.342500,129,400,16,400
campplus,far-field,5,0,5,shuffled,,0.4800,0,0.000000,15.785000,0.190000,75,400,16,400
campplus,far-field,5,0,5,shuffled,,0.5000,1,0.000000,16.270000,0.105000,42,400,16,400
campplus,far-field,5,0,5,shuffled,,0.5200,0,0.000000,17.137500,0.105000,42,400,16,400
campplus,far-field,5,0,5,shuffled,,0.5400,0,0.000000,17.460000,0.105000,42,400,16,400
campplus,far-field,5,0,5,shuffled,,0.5600,0,0.000000,17.740000,0.000000,0,400,16,400
campplus,far-field,5,0,5,shuffled,,0.5800,0,0.000000,18.817500,0.000000,0,400,16,400
campplus,far-field,5,0,5,shuffled,,0.6000,0,0.000000,19.402500,0.000000,0,400,16,400
campplus,far-field,5,0,5,shuffled,,0.6200,0,0.000000,19.402500,0.000000,0,400,16,400
campplus,far-field,5,0,5,shuffled,,0.6400,0,0.000000,19.682500,0.000000,0,400,16,400
campplus,far-field,5,0,5,shuffled,,0.6600,0,0.000000,19.682500,0.000000,0,400,16,400
campplus,far-field,5,0,5,shuffled,,0.6800,0,0.000000,19.682500,0.000000,0,400,16,400
campplus,far-field,5,0,5,shuffled,,0.7000,0,0.000000,19.682500,0.000000,0,400,16,400
campplus,far-field,5,1,5,shuffled,,0.2000,0,0.002500,4.520000,3.045000,391,392,16,400
campplus,far-field,5,1,5,shuffled,,0.2200,0,0.005000,4.982500,2.752500,387,395,16,400
campplus,far-field,5,1,5,shuffled,,0.2400,0,0.005000,5.390000,2.525000,387,396,16,400
campplus,far-field,5,1,5,shuffled,,0.2600,0,0.002500,6.157500,2.255000,381,399,16,400
campplus,far-field,5,1,5,shuffled,,0.2800,0,0.000000,7.207500,2.052500,377,400,16,400
campplus,far-field,5,1,5,shuffled,,0.3000,0,0.000000,8.332500,1.850000,370,400,16,400
campplus,far-field,5,1,5,shuffled,,0.3200,0,0.000000,8.857500,1.272500,309,400,16,400
campplus,far-field,5,1,5,shuffled,,0.3400,0,0.000000,9.930000,0.960000,249,400,16,400
campplus,far-field,5,1,5,shuffled,,0.3600,0,0.000000,10.392500,0.755000,210,400,16,400
campplus,far-field,5,1,5,shuffled,,0.3800,0,0.000000,11.207500,0.632500,177,400,16,400
campplus,far-field,5,1,5,shuffled,,0.4000,0,0.000000,12.187500,0.525000,144,400,16,400
campplus,far-field,5,1,5,shuffled,,0.4200,0,0.000000,13.357500,0.257500,100,400,16,400
campplus,far-field,5,1,5,shuffled,,0.4400,0,0.000000,15.140000,0.182500,71,400,16,400
campplus,far-field,5,1,5,shuffled,,0.4600,0,0.000000,16.462500,0.182500,71,400,16,400
campplus,far-field,5,1,5,shuffled,,0.4800,0,0.000000,17.282500,0.182500,71,400,16,400
campplus,far-field,5,1,5,shuffled,,0.5000,1,0.000000,17.577500,0.182500,71,400,16,400
campplus,far-field,5,1,5,shuffled,,0.5200,0,0.000000,18.532500,0.182500,71,400,16,400
campplus,far-field,5,1,5,shuffled,,0.5400,0,0.000000,18.532500,0.182500,71,400,16,400
campplus,far-field,5,1,5,shuffled,,0.5600,0,0.000000,18.532500,0.000000,0,400,16,400
campplus,far-field,5,1,5,shuffled,,0.5800,0,0.000000,19.072500,0.000000,0,400,16,400
campplus,far-field,5,1,5,shuffled,,0.6000,0,0.000000,19.687500,0.000000,0,400,16,400
campplus,far-field,5,1,5,shuffled,,0.6200,0,0.000000,19.687500,0.000000,0,400,16,400
campplus,far-field,5,1,5,shuffled,,0.6400,0,0.000000,19.687500,0.000000,0,400,16,400
campplus,far-field,5,1,5,shuffled,,0.6600,0,0.000000,19.687500,0.000000,0,400,16,400
campplus,far-field,5,1,5,shuffled,,0.6800,0,0.000000,19.687500,0.000000,0,400,16,400
campplus,far-field,5,1,5,shuffled,,0.7000,0,0.000000,19.687500,0.000000,0,400,16,400
campplus,far-field,5,2,5,shuffled,,0.2000,0,0.000000,4.617500,3.492500,396,397,16,400
campplus,far-field,5,2,5,shuffled,,0.2200,0,0.000000,4.960000,3.215000,394,400,16,400
campplus,far-field,5,2,5,shuffled,,0.2400,0,0.000000,5.477500,2.917500,393,400,16,400
campplus,far-field,5,2,5,shuffled,,0.2600,0,0.000000,6.190000,2.530000,387,400,16,400
campplus,far-field,5,2,5,shuffled,,0.2800,0,0.000000,6.922500,2.195000,378,400,16,400
campplus,far-field,5,2,5,shuffled,,0.3000,0,0.000000,7.640000,1.857500,356,400,16,400
campplus,far-field,5,2,5,shuffled,,0.3200,0,0.000000,8.580000,1.560000,341,400,16,400
campplus,far-field,5,2,5,shuffled,,0.3400,0,0.000000,9.187500,1.422500,333,400,16,400
campplus,far-field,5,2,5,shuffled,,0.3600,0,0.000000,9.842500,1.072500,285,400,16,400
campplus,far-field,5,2,5,shuffled,,0.3800,0,0.000000,10.567500,0.960000,259,400,16,400
campplus,far-field,5,2,5,shuffled,,0.4000,0,0.000000,11.527500,0.697500,192,400,16,400
campplus,far-field,5,2,5,shuffled,,0.4200,0,0.000000,12.612500,0.430000,125,400,16,400
campplus,far-field,5,2,5,shuffled,,0.4400,0,0.000000,14.342500,0.360000,125,400,16,400
campplus,far-field,5,2,5,shuffled,,0.4600,0,0.000000,16.135000,0.182500,72,400,16,400
campplus,far-field,5,2,5,shuffled,,0.4800,0,0.000000,17.225000,0.000000,0,400,16,400
campplus,far-field,5,2,5,shuffled,,0.5000,0,0.000000,17.225000,0.000000,0,400,16,400
campplus,far-field,5,2,5,shuffled,,0.5200,0,0.000000,17.852500,0.000000,0,400,16,400
campplus,far-field,5,2,5,shuffled,,0.5400,0,0.000000,18.430000,0.000000,0,400,16,400
campplus,far-field,5,2,5,shuffled,,0.5600,1,0.000000,18.745000,0.000000,0,400,16,400
campplus,far-field,5,2,5,shuffled,,0.5800,0,0.000000,19.375000,0.000000,0,400,16,400
campplus,far-field,5,2,5,shuffled,,0.6000,0,0.000000,19.375000,0.000000,0,400,16,400
campplus,far-field,5,2,5,shuffled,,0.6200,0,0.000000,19.375000,0.000000,0,400,16,400
campplus,far-field,5,2,5,shuffled,,0.6400,0,0.000000,19.690000,0.000000,0,400,16,400
campplus,far-field,5,2,5,shuffled,,0.6600,0,0.000000,19.690000,0.000000,0,400,16,400
campplus,far-field,5,2,5,shuffled,,0.6800,0,0.000000,19.690000,0.000000,0,400,16,400
campplus,far-field,5,2,5,shuffled,,0.7000,0,0.000000,19.690000,0.000000,0,400,16,400
