gap_low,gap_high,speaker,order_a,order_b,gap,cosine
1,5,id00085,1286,1288,2,0.430372
1,5,id00098,1476,1479,3,0.642666
1,5,id00111,2057,2058,1,0.478880
1,5,id00130,2060,2062,2,0.811271
1,5,id00377,9592,9590,2,0.561361
1,5,id00404,9601,9605,4,0.454012
1,5,id00407,9667,9666,1,0.704680
1,5,id00451,9735,9734,1,0.719372
1,5,id00489,9767,9766,1,0.796864
1,5,id00490,9773,9770,3,0.763878
1,5,id00534,9874,9878,4,0.478879
1,5,id00613,9964,9961,3,0.689282
1,5,id00664,13200,13202,2,0.788964
1,5,id00749,14248,14245,3,0.745607
1,5,id00756,14271,14270,1,0.640653
1,5,id00761,14275,14277,2,0.723055
1,5,id00770,14282,14283,1,0.793216
1,5,id00773,14285,14286,1,0.658879
1,5,id00780,14292,14291,1,0.727152
1,5,id00784,14299,14301,2,0.734518
1,5,id00935,20669,20670,1,0.476349
1,5,id00944,21655,21658,3,0.148281
1,5,id00959,21840,21837,3,0.660180
1,5,id00986,21841,21844,3,0.665798
1,5,id01009,21847,21851,4,0.577342
1,5,id01047,22706,22705,1,0.767846
1,5,id01052,22710,22711,1,0.549612
1,5,id01106,25240,25243,3,0.586469
1,5,id01119,25282,25285,3,0.722281
1,5,id01122,25292,25294,2,0.694432
1,5,id01152,25346,25343,3,0.778412
1,5,id01158,25352,25349,3,0.590642
1,5,id01178,25482,25484,2,0.768544
1,5,id01272,25936,25939,3,0.574433
1,5,id01274,25946,25944,2,0.679700
1,5,id01326,26068,26064,4,0.729511
1,5,id01370,26104,26106,2,0.735557
1,5,id01373,26129,26125,4,0.637465
1,5,id00009,102,101,1,0.627860
1,5,id00026,149,147,2,0.609245
1,5,id00036,156,154,2,0.732482
1,5,id00098,1479,1482,3,0.061479
1,5,id00100,1685,1682,3,0.992119
1,5,id00111,2054,2056,2,0.090690
1,5,id00130,2060,2062,2,0.811271
1,5,id00164,8049,8053,4,0.736456
1,5,id00328,9264,9268,4,0.515166
1,5,id00347,9301,9303,2,0.681717
1,5,id00350,9373,9369,4,0.758061
1,5,id00351,9376,9378,2,0.665150
1,5,id00373,9556,9553,3,0.610746
1,5,id00377,9589,9591,2,0.671333
1,5,id00407,9671,9667,4,0.710060
1,5,id00451,9735,9734,1,0.719372
1,5,id00490,9770,9773,3,0.763878
1,5,id00513,9835,9837,2,0.740044
1,5,id00534,9874,9878,4,0.478879
1,5,id00558,9880,9879,1,0.722559
1,5,id00613,9960,9964,4,0.671516
1,5,id00664,13204,13200,4,0.686356
1,5,id00756,14266,14267,1,0.631713
1,5,id00770,14279,14280,1,0.832066
1,5,id00773,14287,14286,1,0.630427
1,5,id00782,14293,14294,1,0.786347
1,5,id00935,20667,20670,3,0.546177
1,5,id00949,21814,21815,1,0.610186
1,5,id00952,21823,21825,2,0.601325
1,5,id00959,21839,21840,1,0.643008
1,5,id00986,21842,21843,1,0.533412
1,5,id01009,21851,21855,4,0.552496
1,5,id01106,25241,25238,3,0.474270
1,5,id01122,25288,25292,4,0.653008
1,5,id01152,25346,25343,3,0.778412
1,5,id01158,25348,25352,4,0.702400
1,5,id01251,25874,25878,4,0.631569
1,5,id01274,25948,25945,3,0.082274
1,5,id01326,26069,26065,4,0.714256
1,5,id01373,26115,26114,1,0.731423
1,5,id01386,26279,26277,2,0.745050
1,5,id00012,126,122,4,0.476736
1,5,id00026,148,151,3,0.754169
1,5,id00036,157,154,3,0.721548
1,5,id00085,1282,1283,1,0.102566
1,5,id00164,8053,8056,3,0.717154
1,5,id00181,8067,8065,2,0.554547
1,5,id00328,9264,9265,1,0.615493
1,5,id00373,9528,9532,4,0.370451
1,5,id00404,9657,9654,3,0.538490
1,5,id00407,9668,9665,3,0.622769
1,5,id00513,9816,9812,4,0.482735
1,5,id00534,9878,9874,4,0.478879
1,5,id00558,9879,9880,1,0.722559
1,5,id00613,9960,9964,4,0.671516
1,5,id00614,9990,9991,1,0.774192
1,5,id00664,13209,13210,1,0.731082
1,5,id00671,13235,13234,1,0.784336
1,5,id00756,14267,14271,4,0.736343
1,5,id00761,14278,14274,4,0.498258
1,5,id00770,14284,14282,2,0.810782
1,5,id00773,14288,14286,2,0.663831
1,5,id00790,15488,15489,1,0.719052
1,5,id00892,16991,16990,1,0.599196
1,5,id00944,21652,21656,4,0.157399
1,5,id00959,21840,21839,1,0.643008
1,5,id01009,21856,21853,3,0.587528
1,5,id01034,22518,22517,1,0.759739
1,5,id01052,22708,22709,1,0.722348
1,5,id01091,25202,25206,4,0.470766
1,5,id01158,25349,25352,3,0.590642
1,5,id01189,25639,25638,1,0.772504
1,5,id01272,25940,25937,3,0.744099
1,5,id01274,25947,25951,4,0.326629
1,5,id01345,26074,26073,1,1.000000
1,5,id01370,26103,26107,4,0.645434
1,5,id01386,26278,26277,1,0.676471
1,5,id00012,126,128,2,0.391714
1,5,id00026,137,138,1,0.735252
1,5,id00036,155,157,2,0.422468
1,5,id00040,507,505,2,0.471959
1,5,id00084,1243,1244,1,0.459533
1,5,id00098,1477,1478,1,0.617699
1,5,id00111,2055,2056,1,0.543704
1,5,id00130,2060,2062,2,0.811271
1,5,id00223,9127,9126,1,0.477137
1,5,id00328,9268,9265,3,0.543233
1,5,id00348,9356,9359,3,0.741609
1,5,id00351,9379,9376,3,0.744216
1,5,id00377,9593,9589,4,0.567664
1,5,id00407,9665,9669,4,0.629631
1,5,id00451,9735,9734,1,0.719372
1,5,id00530,9868,9867,1,0.692885
1,5,id00534,9878,9874,4,0.478879
1,5,id00613,9964,9961,3,0.689282
1,5,id00671,13234,13230,4,0.823253
1,5,id00749,14253,14252,1,0.705457
1,5,id00756,14271,14267,4,0.736343
1,5,id00761,14276,14278,2,0.586021
1,5,id00773,14286,14287,1,0.630427
1,5,id00782,14296,14294,2,0.721745
1,5,id00784,14323,14326,3,0.598334
1,5,id00860,15732,15733,1,0.622734
1,5,id00935,20669,20668,1,0.669883
1,5,id00959,21839,21835,4,0.650216
1,5,id00986,21843,21841,2,0.521480
1,5,id01009,21851,21853,2,0.633443
1,5,id01023,21894,21890,4,0.641987
1,5,id01068,24275,24277,2,0.813373
1,5,id01091,25205,25204,1,0.502385
1,5,id01122,25295,25293,2,0.707859
1,5,id01128,25316,25313,3,0.761777
1,5,id01158,25352,25348,4,0.702400
1,5,id01251,25876,25878,2,0.671960
1,5,id01373,26126,26123,3,0.634203
1,5,id01386,26278,26275,3,0.682466
1,5,id01402,26513,26509,4,0.561026
1,5,id00009,77,75,2,0.580033
1,5,id00026,140,141,1,0.601012
1,5,id00085,1281,1283,2,-0.028644
1,5,id00100,1656,1654,2,0.676710
1,5,id00164,8056,8053,3,0.717154
1,5,id00181,8069,8067,2,0.815810
1,5,id00321,9257,9258,1,0.417095
1,5,id00377,9592,9593,1,0.758349
1,5,id00407,9670,9668,2,0.495192
1,5,id00489,9765,9766,1,0.686729
1,5,id00490,9773,9770,3,0.763878
1,5,id00514,9848,9845,3,0.459068
1,5,id00749,14244,14246,2,0.620107
1,5,id00756,14264,14266,2,0.698539
1,5,id00761,14276,14277,1,0.694254
1,5,id00770,14282,14284,2,0.810782
1,5,id00773,14288,14285,3,0.764894
1,5,id00780,14292,14291,1,0.727152
1,5,id00782,14293,14295,2,0.784979
1,5,id00790,15488,15489,1,0.719052
1,5,id00935,20670,20669,1,0.476349
1,5,id00959,21835,21838,3,0.760527
1,5,id01091,25205,25202,3,0.414752
1,5,id01106,25241,25242,1,0.456213
1,5,id01122,25292,25295,3,0.690423
1,5,id01158,25350,25349,1,0.571093
1,5,id01229,25866,25865,1,0.637305
1,5,id01251,25876,25874,2,0.676178
1,5,id01274,25947,25950,3,0.166929
1,5,id01345,26075,26074,1,0.662330
1,5,id01349,26091,26093,2,0.727158
1,5,id01370,26104,26105,1,0.776938
1,5,id01373,26122,26118,4,0.687680
1,5,id01386,26278,26277,1,0.676471
1,5,id00009,93,96,3,0.410800
1,5,id00012,116,115,1,0.555314
1,5,id00036,157,154,3,0.721548
1,5,id00085,1286,1285,1,0.114246
1,5,id00098,1479,1476,3,0.642666
1,5,id00111,2057,2056,1,0.412687
1,5,id00130,2062,2060,2,0.811271
1,5,id00164,8049,8053,4,0.736456
1,5,id00328,9264,9265,1,0.615493
1,5,id00351,9379,9378,1,0.658595
1,5,id00377,9591,9592,1,0.629486
1,5,id00407,9668,9666,2,0.637943
1,5,id00530,9864,9867,3,0.617868
1,5,id00613,9964,9961,3,0.689282
1,5,id00619,9995,9996,1,0.636522
1,5,id00620,10015,10011,4,0.614100
1,5,id00641,10053,10052,1,0.785845
1,5,id00749,14256,14254,2,0.737459
1,5,id00756,14266,14269,3,0.691078
1,5,id00770,14279,14283,4,0.715446
1,5,id00780,14291,14292,1,0.727152
1,5,id00784,14319,14317,2,0.708117
1,5,id00790,15488,15489,1,0.719052
1,5,id00860,15733,15732,1,0.622734
1,5,id00892,17037,17039,2,0.728752
1,5,id00935,20668,20667,1,0.646023
1,5,id00949,21815,21819,4,0.440814
1,5,id00959,21840,21836,4,0.693037
1,5,id00986,21841,21842,1,0.740337
1,5,id01009,21856,21853,3,0.587528
1,5,id01052,22710,22711,1,0.549612
5,25,id00012,130,111,19,0.712767
5,25,id00040,522,498,24,0.769050
5,25,id00099,1545,1537,8,0.349836
5,25,id00100,1683,1675,8,0.173452
5,25,id00181,8067,8072,5,0.619505
5,25,id00290,9255,9232,23,0.376048
5,25,id00357,9452,9441,11,0.734927
5,25,id00445,9711,9718,7,0.592795
5,25,id00489,9766,9759,7,0.359297
5,25,id00580,9923,9933,10,0.341105
5,25,id00664,13215,13227,12,0.757343
5,25,id00671,13230,13235,5,0.770625
5,25,id00710,13465,13456,9,0.642296
5,25,id00749,14257,14252,5,0.671145
5,25,id00914,17180,17157,23,0.162949
5,25,id00930,20574,20580,6,0.530002
5,25,id00952,21829,21823,6,0.595223
5,25,id01009,21848,21855,7,0.642492
5,25,id01023,21889,21894,5,0.671829
5,25,id01047,22689,22695,6,0.704307
5,25,id01091,25208,25202,6,0.547993
5,25,id01093,25225,25215,10,0.632075
5,25,id01106,25244,25239,5,0.573234
5,25,id01122,25292,25298,6,0.696776
5,25,id01128,25305,25315,10,0.762073
5,25,id01152,25346,25341,5,0.643909
5,25,id01172,25360,25373,13,0.663734
5,25,id01178,25474,25490,16,0.535441
5,25,id01183,25506,25520,14,0.254358
5,25,id01219,25753,25758,5,0.657028
5,25,id01271,25901,25913,12,0.394980
5,25,id01326,26069,26063,6,0.585811
5,25,id01345,26075,26070,5,0.447226
5,25,id01349,26084,26100,16,0.470916
5,25,id01373,26121,26128,7,0.602275
5,25,id01375,26274,26264,10,0.699890
5,25,id00009,76,86,10,0.582669
5,25,id00098,1482,1475,7,0.056430
5,25,id00099,1509,1521,12,0.261589
5,25,id00148,8048,8041,7,0.648520
5,25,id00164,8056,8049,7,0.766129
5,25,id00247,9153,9165,12,0.599507
5,25,id00347,9292,9315,23,0.700175
5,25,id00445,9718,9704,14,0.674092
5,25,id00489,9759,9764,5,0.343733
5,25,id00513,9837,9824,13,0.157534
5,25,id00514,9840,9845,5,0.678299
5,25,id00530,9855,9867,12,0.630314
5,25,id00614,9972,9978,6,0.655107
5,25,id00619,9994,10000,6,0.640314
5,25,id00641,10048,10039,9,0.714860
5,25,id00664,13204,13215,11,0.629226
5,25,id00671,13238,13228,10,0.632282
5,25,id00749,14263,14247,16,0.700913
5,25,id00887,16750,16759,9,0.570937
5,25,id00914,17153,17170,17,0.659156
5,25,id00930,20616,20608,8,0.599850
5,25,id00936,20727,20748,21,0.690083
5,25,id00944,21631,21639,8,0.614763
5,25,id01023,21896,21908,12,0.700274
5,25,id01034,22503,22526,23,0.797433
5,25,id01047,22705,22691,14,0.760487
5,25,id01052,22716,22711,5,0.750016
5,25,id01073,24833,24847,14,0.325978
5,25,id01074,25172,25183,11,0.737272
5,25,id01128,25306,25315,9,0.732940
5,25,id01152,25341,25346,5,0.643909
5,25,id01172,25360,25353,7,0.673297
5,25,id01178,25466,25485,19,0.600847
5,25,id01226,25792,25803,11,0.458324
5,25,id01345,26073,26079,6,0.541255
5,25,id01349,26099,26092,7,0.682094
5,25,id01373,26115,26122,7,0.690539
5,25,id01375,26266,26256,10,0.706240
5,25,id01402,26511,26522,11,0.439888
5,25,id00012,132,124,8,0.607505
5,25,id00084,1246,1233,13,0.510738
5,25,id00148,8048,8041,7,0.648520
5,25,id00247,9159,9148,11,0.559882
5,25,id00347,9292,9315,23,0.700175
5,25,id00373,9556,9572,16,0.571265
5,25,id00451,9734,9739,5,0.645073
5,25,id00513,9789,9802,13,0.783075
5,25,id00514,9845,9840,5,0.678299
5,25,id00614,9990,9977,13,0.371840
5,25,id00749,14246,14260,14,0.833571
5,25,id00770,14279,14284,5,0.800984
5,25,id00817,15718,15710,8,0.458369
5,25,id00886,16635,16625,10,0.563752
5,25,id00938,21120,21098,22,0.800600
5,25,id00944,21691,21674,17,0.701071
5,25,id01023,21906,21912,6,0.631924
5,25,id01052,22716,22711,5,0.750016
5,25,id01067,24040,24032,8,0.750040
5,25,id01119,25270,25282,12,0.772393
5,25,id01122,25287,25300,13,0.632404
5,25,id01128,25305,25313,8,0.774711
5,25,id01136,25332,25337,5,0.728483
5,25,id01152,25346,25341,5,0.643909
5,25,id01178,25453,25466,13,0.377323
5,25,id01183,25515,25506,9,0.507570
5,25,id01226,25804,25798,6,0.570035
5,25,id01229,25817,25841,24,0.574017
5,25,id01271,25913,25920,7,0.447520
5,25,id01349,26097,26087,10,0.393837
5,25,id01373,26122,26114,8,0.729984
5,25,id01374,26208,26195,13,0.807891
5,25,id01375,26253,26240,13,0.715231
5,25,id01386,26275,26280,5,0.690553
5,25,id01400,26414,26428,14,0.520743
5,25,id01402,26486,26510,24,0.556621
5,25,id00012,110,123,13,0.394216
5,25,id00084,1247,1255,8,0.768564
5,25,id00085,1281,1286,5,0.036059
5,25,id00247,9148,9156,8,0.386049
5,25,id00321,9256,9262,6,0.443181
5,25,id00347,9321,9309,12,0.755714
5,25,id00357,9467,9461,6,0.473569
5,25,id00373,9527,9540,13,0.598943
5,25,id00451,9739,9734,5,0.645073
5,25,id00489,9764,9744,20,0.279576
5,25,id00514,9840,9845,5,0.678299
5,25,id00530,9867,9854,13,0.556889
5,25,id00671,13234,13228,6,0.642913
5,25,id00749,14244,14253,9,0.711957
5,25,id00784,14317,14303,14,0.507331
5,25,id00794,15524,15539,15,0.687556
5,25,id00817,15700,15716,16,0.556443
5,25,id00886,16528,16511,17,0.777278
5,25,id00892,17007,17024,17,0.584567
5,25,id00930,20550,20557,7,0.521827
5,25,id00944,21683,21691,8,0.683675
5,25,id00952,21822,21831,9,0.675923
5,25,id01009,21850,21855,5,0.583021
5,25,id01023,21895,21902,7,0.598556
5,25,id01038,22619,22628,9,0.732306
5,25,id01052,22709,22715,6,0.692649
5,25,id01058,23411,23399,12,0.781009
5,25,id01093,25229,25216,13,0.696703
5,25,id01119,25259,25270,11,0.733220
5,25,id01122,25294,25300,6,0.650397
5,25,id01128,25305,25313,8,0.774711
5,25,id01136,25332,25338,6,0.712224
5,25,id01172,25354,25378,24,0.656155
5,25,id01178,25467,25484,17,0.417077
5,25,id01183,25576,25553,23,0.407440
5,25,id01189,25676,25696,20,0.543929
5,25,id01271,25929,25912,17,0.286505
5,25,id01279,25999,25994,5,0.186799
5,25,id01345,26072,26080,8,0.379152
5,25,id01349,26091,26084,7,0.545277
5,25,id01374,26214,26209,5,0.716184
5,25,id00005,26,36,10,0.716805
5,25,id00009,86,92,6,0.558797
5,25,id00012,134,124,10,0.625463
5,25,id00188,8542,8523,19,0.431538
5,25,id00321,9257,9263,6,0.514406
5,25,id00348,9359,9354,5,0.711925
5,25,id00357,9495,9478,17,0.543452
5,25,id00445,9731,9718,13,0.267787
5,25,id00489,9759,9765,6,0.426863
5,25,id00514,9840,9848,8,0.340885
5,25,id00620,10011,10029,18,0.349609
5,25,id00664,13218,13208,10,0.725075
5,25,id00784,14308,14322,14,0.559883
5,25,id00875,15787,15806,19,0.819261
5,25,id00892,17045,17033,12,0.674689
5,25,id00952,21822,21829,7,0.562818
5,25,id01009,21847,21855,8,0.667338
5,25,id01023,21862,21876,14,0.780335
5,25,id01034,22507,22514,7,0.815949
5,25,id01047,22690,22700,10,0.721460
5,25,id01052,22715,22708,7,0.786736
5,25,id01057,23232,23244,12,0.560180
5,25,id01093,25233,25225,8,0.781143
5,25,id01119,25260,25279,19,0.651838
5,25,id01128,25329,25305,24,0.776204
5,25,id01152,25346,25341,5,0.643909
5,25,id01219,25719,25727,8,0.583988
5,25,id01226,25803,25792,11,0.458324
5,25,id01229,25824,25834,10,0.497807
5,25,id01251,25881,25876,5,0.680308
5,25,id01272,25940,25935,5,0.671284
5,25,id01274,25949,25942,7,0.244699
5,25,id01279,25984,26007,23,0.183565
5,25,id01345,26070,26079,9,0.632227
5,25,id01349,26098,26089,9,0.484049
5,25,id01373,26128,26123,5,0.632164
5,25,id01374,26156,26151,5,0.741528
5,25,id01375,26274,26253,21,0.733415
5,25,id01402,26485,26505,20,0.657974
5,25,id00012,115,135,20,0.641672
5,25,id00026,140,150,10,0.149457
5,25,id00037,297,278,19,0.212547
5,25,id00085,1286,1281,5,0.036059
5,25,id00109,1864,1884,20,0.112833
5,25,id00247,9146,9152,6,0.452145
5,25,id00348,9350,9359,9,0.705016
5,25,id00404,9607,9599,8,0.573102
5,25,id00445,9732,9711,21,0.184278
5,25,id00514,9840,9848,8,0.340885
5,25,id00530,9854,9868,14,0.686712
5,25,id00614,9992,9981,11,0.297439
5,25,id00619,9999,10008,9,0.742180
5,25,id00620,10031,10011,20,0.290863
5,25,id00664,13225,13208,17,0.759060
5,25,id00749,14256,14251,5,0.707694
5,25,id00761,14273,14278,5,0.628404
5,25,id00817,15704,15690,14,0.634240
5,25,id00875,16279,16289,10,0.803040
5,25,id00886,16500,16483,17,0.669797
5,25,id00945,21733,21745,12,0.619363
5,25,id00949,21813,21819,6,0.566105
5,25,id00952,21830,21823,7,0.624819
5,25,id01026,21946,21934,12,0.732335
5,25,id01038,22632,22613,19,0.700902
5,25,id01047,22705,22694,11,0.650180
5,25,id01074,25082,25100,18,0.661956
5,25,id01093,25225,25215,10,0.632075
5,25,id01119,25246,25253,7,0.641574
25,100,id00037,336,284,52,0.144781
25,100,id00092,1308,1353,45,0.121721
25,100,id00099,1500,1564,64,0.422662
25,100,id00513,9812,9787,25,0.589800
25,100,id00641,10040,10092,52,0.649242
25,100,id00655,10724,10670,54,0.779662
25,100,id00718,13926,13894,32,0.625701
25,100,id00735,14228,14152,76,0.681065
25,100,id00794,15595,15628,33,0.550343
25,100,id00817,15715,15686,29,0.673320
25,100,id00886,16491,16421,70,0.714446
25,100,id00887,16783,16744,39,0.635049
25,100,id00915,17492,17422,70,0.645713
25,100,id00919,18894,18799,95,0.573210
25,100,id00930,20628,20590,38,0.513976
25,100,id00945,21773,21699,74,0.612321
25,100,id01038,22646,22609,37,0.710356
25,100,id01172,25353,25422,69,0.664790
25,100,id01189,25607,25638,31,0.585853
25,100,id01279,25980,26007,27,0.103444
25,100,id01374,26211,26158,53,0.793137
25,100,id01400,26423,26478,55,0.410707
25,100,id01402,26511,26481,30,0.612597
25,100,id00009,106,76,30,0.280889
25,100,id00040,559,650,91,0.386248
25,100,id00083,1096,1032,64,0.170172
25,100,id00084,1273,1239,34,0.449051
25,100,id00092,1291,1356,65,0.316652
25,100,id00099,1540,1584,44,0.208592
25,100,id00290,9252,9204,48,0.037109
25,100,id00513,9795,9835,40,0.277544
25,100,id00580,9889,9933,44,0.618059
25,100,id00641,10046,10093,47,0.709228
25,100,id00710,13484,13568,84,0.584849
25,100,id00735,14120,14158,38,0.702597
25,100,id00786,14981,14909,72,0.548030
25,100,id00794,15602,15553,49,0.478009
25,100,id00892,17030,16988,42,0.506874
25,100,id00914,17060,17092,32,0.749124
25,100,id00915,17264,17314,50,0.599216
25,100,id00930,20558,20630,72,0.566614
25,100,id00944,21655,21686,31,0.270855
25,100,id00945,21740,21706,34,0.718836
25,100,id01034,22533,22561,28,0.745126
25,100,id01038,22608,22677,69,0.760509
25,100,id01057,22858,22780,78,0.691466
25,100,id01058,23581,23659,78,0.423775
25,100,id01067,23775,23829,54,0.652730
25,100,id01074,25028,25126,98,0.629573
25,100,id01374,26180,26130,50,0.681838
25,100,id01375,26240,26274,34,0.775658
25,100,id01400,26377,26435,58,0.237394
25,100,id01402,26520,26491,29,0.559639
25,100,id00009,77,109,32,0.727202
25,100,id00037,199,258,59,0.354513
25,100,id00040,620,591,29,0.733058
25,100,id00100,1682,1651,31,0.223894
25,100,id00290,9205,9236,31,0.139020
25,100,id00347,9315,9289,26,0.700982
25,100,id00373,9528,9558,30,0.379688
25,100,id00641,10083,10046,37,0.692706
25,100,id00655,10636,10597,39,0.669587
25,100,id00656,10866,10827,39,0.482590
25,100,id00710,13342,13398,56,0.706158
25,100,id00718,13862,13771,91,0.794391
25,100,id00930,20580,20551,29,0.358270
25,100,id00936,20726,20822,96,0.677848
25,100,id00938,21042,21128,86,0.644638
25,100,id00944,21671,21644,27,0.126593
25,100,id00945,21811,21740,71,0.571556
25,100,id01026,22297,22376,79,0.619573
25,100,id01038,22611,22583,28,0.788450
25,100,id01058,23557,23504,53,0.720130
25,100,id01074,25082,24996,86,0.646516
25,100,id01172,25354,25387,33,0.532893
25,100,id01219,25753,25728,25,0.558984
25,100,id01229,25828,25861,33,0.095153
25,100,id01375,26239,26264,25,0.718454
25,100,id01400,26359,26387,28,0.312955
25,100,id01402,26522,26493,29,0.448314
25,100,id00040,598,522,76,0.195945
25,100,id00092,1395,1341,54,0.567898
25,100,id00109,1893,1851,42,0.001954
25,100,id00357,9507,9482,25,0.618943
25,100,id00404,9627,9596,31,0.421406
25,100,id00656,10808,10855,47,0.404350
25,100,id00887,16923,16894,29,0.706591
25,100,id00914,17078,17153,75,0.662323
25,100,id00936,20989,20924,65,0.655159
25,100,id00938,21492,21455,37,0.826792
25,100,id00944,21690,21632,58,0.152631
25,100,id00945,21776,21712,64,0.635136
25,100,id01034,22531,22504,27,0.722909
25,100,id01057,23202,23227,25,0.746707
25,100,id01067,23821,23881,60,0.564790
25,100,id01119,25254,25281,27,0.725447
25,100,id01172,25392,25422,30,0.621314
25,100,id01189,25699,25606,93,0.199154
25,100,id01374,26220,26136,84,0.780760
25,100,id01375,26236,26270,34,0.792901
25,100,id00005,35,63,28,0.135317
25,100,id00084,1274,1231,43,0.376083
25,100,id00099,1530,1597,67,0.207755
25,100,id00100,1654,1682,28,0.240738
25,100,id00347,9315,9271,44,0.733678
25,100,id00357,9419,9492,73,0.177372
25,100,id00656,10807,10863,56,0.523152
25,100,id00794,15556,15503,53,0.236660
25,100,id00875,16041,16117,76,0.608302
25,100,id00886,16503,16601,98,0.731368
25,100,id00887,16786,16755,31,0.789477
25,100,id00892,16981,17024,43,0.624977
25,100,id00914,17050,17106,56,0.633988
25,100,id00936,20948,21004,56,0.593521
25,100,id00944,21667,21632,35,0.042171
25,100,id01023,21865,21900,35,0.753102
25,100,id01038,22591,22648,57,0.488102
25,100,id01058,23458,23551,93,0.675198
25,100,id01074,25107,25136,29,0.755766
25,100,id01093,25211,25236,25,0.633460
25,100,id01119,25285,25252,33,0.641846
25,100,id01172,25360,25437,77,0.265586
25,100,id01183,25576,25506,70,0.476124
25,100,id01189,25629,25668,39,0.198753
25,100,id01374,26198,26229,31,0.695094
25,100,id01400,26415,26443,28,0.630690
25,100,id00005,3,33,30,0.680691
25,100,id00037,357,268,89,0.627651
25,100,id00040,571,601,30,0.178754
25,100,id00092,1408,1319,89,0.387815
25,100,id00357,9425,9488,63,0.199909
25,100,id00664,13226,13200,26,0.731005
25,100,id00735,14137,14229,92,0.647997
25,100,id00794,15555,15647,92,0.438005
25,100,id00817,15723,15677,46,0.497444
25,100,id00892,17041,16990,51,0.660994
25,100,id00919,18505,18564,59,0.719235
25,100,id00926,20204,20130,74,0.447200
25,100,id00930,20573,20606,33,0.718271
25,100,id00944,21691,21652,39,0.161281
25,100,id01034,22566,22523,43,0.771350
25,100,id01038,22651,22599,52,0.681449
25,100,id01074,25109,25171,62,0.234509
25,100,id01172,25354,25422,68,0.564486
25,100,id01178,25463,25489,26,0.420747
25,100,id01183,25510,25555,45,0.433976
25,100,id01189,25620,25660,40,0.671132
25,100,id01219,25722,25752,30,0.634060
25,100,id01229,25863,25824,39,0.194809
25,100,id01279,26025,25998,27,0.113076
25,100,id01374,26173,26220,47,0.705977
25,100,id01400,26410,26476,66,0.390204
25,100,id00009,105,75,30,0.532211
25,100,id00037,310,386,76,0.687864
25,100,id00084,1239,1274,35,0.516925
25,100,id00092,1312,1396,84,0.128349
25,100,id00099,1570,1525,45,0.631058
25,100,id00109,1832,1930,98,0.201767
25,100,id00290,9253,9186,67,0.106973
25,100,id00373,9525,9558,33,0.551987
25,100,id00445,9731,9704,27,0.335794
25,100,id00641,10083,10050,33,0.729630
25,100,id00652,10165,10259,94,0.585590
25,100,id00655,10749,10694,55,0.635434
25,100,id00656,10806,10872,66,0.459096
25,100,id00794,15564,15634,70,0.419064
25,100,id00887,16784,16748,36,0.639880
25,100,id00914,17072,17113,41,0.195319
25,100,id00915,17343,17301,42,0.741283
25,100,id00930,20636,20564,72,0.733508
25,100,id00936,20913,20981,68,0.654771
25,100,id01034,22516,22562,46,0.696734
25,100,id01038,22572,22664,92,0.701594
25,100,id01067,23893,23854,39,0.757361
25,100,id01128,25329,25302,27,0.656284
25,100,id01178,25487,25452,35,0.379150
25,100,id01374,26191,26140,51,0.748569
25,100,id01375,26269,26239,30,0.788342
25,100,id01400,26385,26435,50,0.344231
25,100,id00040,604,540,64,0.069504
25,100,id00092,1401,1473,72,0.218104
25,100,id00099,1538,1594,56,0.341405
25,100,id00100,1684,1656,28,0.127325
25,100,id00109,1841,1747,94,0.645256
25,100,id00290,9255,9186,69,0.123044
25,100,id00357,9467,9417,50,0.548110
25,100,id00445,9731,9704,27,0.335794
25,100,id00580,9933,9893,40,0.551592
25,100,id00735,14025,14062,37,0.694257
25,100,id00886,16453,16520,67,0.577923
25,100,id00892,16999,17030,31,0.618418
25,100,id00919,18172,18254,82,0.713806
25,100,id00926,19525,19591,66,0.747349
25,100,id00936,20800,20739,61,0.537998
25,100,id00945,21700,21776,76,0.720420
25,100,id01038,22588,22639,51,0.764522
25,100,id01057,22759,22853,94,0.782495
25,100,id01068,24338,24370,32,0.691414
25,100,id01172,25353,25437,84,0.178644
25,100,id01189,25660,25607,53,0.663032
25,100,id01219,25773,25705,68,0.215270
25,100,id01374,26150,26175,25,0.775755
25,100,id00037,298,359,61,0.424656
25,100,id00040,572,504,68,0.605066
25,100,id00099,1555,1602,47,0.358545
25,100,id00357,9428,9503,75,0.241183
25,100,id00655,10550,10458,92,0.579741
25,100,id00656,10889,10837,52,0.452806
25,100,id00710,13558,13597,39,0.659075
25,100,id00718,13810,13784,26,0.824717
25,100,id00794,15620,15525,95,0.586680
25,100,id00875,16361,16286,75,0.736473
25,100,id00887,16806,16877,71,0.620510
25,100,id00914,17199,17131,68,0.536692
25,100,id00930,20576,20635,59,0.766362
25,100,id00936,20928,20832,96,0.722987
25,100,id00944,21652,21626,26,0.702590
25,100,id01023,21886,21911,25,0.746960
25,100,id01034,22512,22543,31,0.752063
25,100,id01038,22622,22587,35,0.749700
100,1000,id00083,834,1130,296,0.048880
100,1000,id00109,1746,1869,123,0.537991
100,1000,id00188,8225,8580,355,0.035044
100,1000,id00652,10168,10373,205,0.588218
100,1000,id00657,12735,12053,682,0.629640
100,1000,id00710,13381,13512,131,0.788471
100,1000,id00735,13984,14151,167,0.822688
100,1000,id00786,15127,14772,355,0.558384
100,1000,id00886,16445,16676,231,0.775755
100,1000,id00887,16907,16704,203,0.666586
100,1000,id00914,17067,17169,102,0.508958
100,1000,id00915,17459,17264,195,0.659822
100,1000,id00926,19463,20093,630,0.558489
100,1000,id00938,21406,21106,300,0.696332
100,1000,id01026,22173,22352,179,0.468323
100,1000,id01057,22980,23220,240,0.242035
100,1000,id01058,23545,23291,254,0.747063
100,1000,id01067,23938,23831,107,0.674812
100,1000,id00109,1783,1888,105,0.073578
100,1000,id00132,4390,3953,437,0.500257
100,1000,id00188,8989,8872,117,0.656212
100,1000,id00652,10175,10310,135,0.651437
100,1000,id00657,11127,11723,596,0.762158
100,1000,id00786,14677,14869,192,0.583961
100,1000,id00926,19028,19367,339,0.608828
100,1000,id00936,20888,20716,172,0.615337
100,1000,id00938,21594,21166,428,0.449837
100,1000,id01058,23599,23421,178,0.610764
100,1000,id01067,23735,23838,103,0.562714
100,1000,id01073,24560,24447,113,0.606340
100,1000,id01074,24982,25126,144,0.790160
100,1000,id01400,26303,26445,142,0.245583
100,1000,id00037,322,433,111,-0.037209
100,1000,id00092,1449,1345,104,0.180699
100,1000,id00132,2820,3586,766,0.247503
100,1000,id00357,9390,9503,113,0.227157
100,1000,id00652,10376,10202,174,0.554232
100,1000,id00657,13022,12807,215,0.716817
100,1000,id00718,13958,13836,122,0.667805
100,1000,id00786,14487,14849,362,0.464062
100,1000,id00875,15805,15977,172,0.588739
100,1000,id00887,16772,16924,152,0.249088
100,1000,id00915,17481,17264,217,0.681477
100,1000,id00926,19493,19898,405,0.690818
100,1000,id00938,21047,21390,343,0.456562
100,1000,id01026,22234,22400,166,0.620136
100,1000,id01057,23147,22725,422,0.724366
100,1000,id01068,24349,24227,122,0.248050
100,1000,id01073,24787,24891,104,0.532828
100,1000,id00037,262,363,101,0.210535
100,1000,id00083,1156,982,174,0.121555
100,1000,id00109,1961,1802,159,0.130720
100,1000,id00188,8527,8898,371,0.124485
100,1000,id00710,13712,13336,376,0.604352
100,1000,id00735,14240,13994,246,0.708728
100,1000,id00786,14339,15277,938,0.546264
100,1000,id00887,16695,16886,191,0.580092
100,1000,id00926,20305,19590,715,0.526609
100,1000,id00936,20880,20671,209,0.613501
100,1000,id00938,21343,21559,216,0.620319
100,1000,id01026,22076,22416,340,0.638127
100,1000,id01057,23193,22787,406,0.176227
100,1000,id01058,23306,23622,316,0.742707
100,1000,id01068,24247,24396,149,0.166294
100,1000,id01073,24952,24688,264,0.248579
100,1000,id01400,26286,26436,150,0.280955
100,1000,id00037,196,299,103,0.396071
100,1000,id00109,1769,1917,148,0.119277
100,1000,id00188,8542,8862,320,0.383992
100,1000,id00652,10341,10214,127,0.486384
100,1000,id00655,10497,10645,148,0.342474
100,1000,id00657,11771,11939,168,0.720856
100,1000,id00718,13797,13930,133,0.642798
100,1000,id00735,14193,14003,190,0.785085
100,1000,id00786,15211,14862,349,0.518803
100,1000,id00794,15637,15522,115,0.297754
100,1000,id00875,16419,16201,218,0.622077
100,1000,id00915,17480,17321,159,0.576200
100,1000,id00926,19894,20072,178,0.514802
100,1000,id00938,21017,21357,340,0.558421
100,1000,id01026,22142,22435,293,0.601755
100,1000,id01057,23076,22891,185,0.745019
100,1000,id01058,23399,23599,200,0.720242
100,1000,id01067,23982,23857,125,0.688033
100,1000,id01068,24344,24198,146,0.248921
100,1000,id01073,24866,24545,321,0.469952
100,1000,id00037,259,374,115,0.249110
100,1000,id00083,845,1188,343,0.143055
100,1000,id00109,1786,2009,223,0.160331
100,1000,id00132,2604,2771,167,0.135454
100,1000,id00188,8121,9023,902,0.417950
100,1000,id00652,10180,10316,136,0.609070
100,1000,id00786,14646,15208,562,0.564003
100,1000,id00875,15879,16374,495,0.599349
100,1000,id00914,17061,17178,117,0.347050
100,1000,id00919,18335,17825,510,0.584098
100,1000,id00936,20934,20754,180,0.713066
100,1000,id00938,21079,21398,319,0.782056
100,1000,id01026,22352,22457,105,0.721528
100,1000,id01057,23205,22985,220,0.189894
100,1000,id01058,23363,23480,117,0.593349
100,1000,id01067,23867,23700,167,0.686223
100,1000,id00188,8694,8878,184,0.139085
100,1000,id00655,10442,10721,279,0.566472
100,1000,id00657,12150,11153,997,0.697976
100,1000,id00919,18033,18392,359,0.674322
100,1000,id00936,20690,20797,107,0.771039
100,1000,id00938,21040,21380,340,0.663873
100,1000,id01057,22892,23208,316,0.243969
100,1000,id01058,23567,23437,130,0.627894
100,1000,id01068,24233,24088,145,0.709395
100,1000,id01073,24940,24531,409,0.613941
100,1000,id00037,345,212,133,0.393794
100,1000,id00083,1204,902,302,0.038882
100,1000,id00092,1291,1472,181,0.081599
100,1000,id00109,1941,1797,144,0.122522
100,1000,id00188,8722,9007,285,0.105980
100,1000,id00655,10646,10443,203,0.590575
100,1000,id00657,10948,11947,999,0.847247
100,1000,id00710,13648,13391,257,0.630626
100,1000,id00718,13911,13771,140,0.719630
100,1000,id00786,15246,14751,495,0.437173
100,1000,id00875,16407,15886,521,0.602082
100,1000,id00887,16847,16957,110,0.712653
100,1000,id00914,17068,17186,118,0.248726
100,1000,id00919,18359,17559,800,0.558411
100,1000,id00926,19184,19821,637,0.588574
100,1000,id00938,21321,21024,297,0.627048
100,1000,id00945,21705,21811,106,0.693843
100,1000,id01026,21942,22364,422,0.592641
100,1000,id01057,23123,23242,119,0.201572
100,1000,id01067,23769,23943,174,0.683141
100,1000,id01073,24474,24650,176,0.445998
100,1000,id01074,24986,25116,130,0.733780
100,1000,id00083,910,801,109,-0.011210
100,1000,id00188,8852,8155,697,0.188868
100,1000,id00652,10309,10165,144,0.642354
100,1000,id00786,14522,14980,458,0.496491
100,1000,id00875,16228,16391,163,0.711825
100,1000,id00914,17078,17211,133,0.666039
100,1000,id00915,17325,17451,126,0.669043
100,1000,id00919,18171,18567,396,0.694386
100,1000,id00926,20366,20084,282,0.624318
100,1000,id00938,21104,21484,380,0.721451
100,1000,id01057,22776,23066,290,0.785605
100,1000,id01068,24290,24408,118,0.087876
100,1000,id01073,24721,24981,260,0.536259
100,1000,id01074,25028,25165,137,0.375361
100,1000,id00037,381,182,199,0.215685
100,1000,id00040,692,522,170,0.695094
100,1000,id00083,826,1051,225,0.151074
100,1000,id00109,1853,1736,117,0.157670
100,1000,id00652,10238,10360,122,0.628318
100,1000,id00735,14012,14219,207,0.694553
100,1000,id00786,15316,14487,829,0.605199
100,1000,id00875,16244,16084,160,0.627711
100,1000,id00886,16485,16618,133,0.797561
100,1000,id00887,16927,16745,182,0.260258
100,1000,id00914,17066,17169,103,0.515438
100,1000,id00915,17473,17341,132,0.744720
100,1000,id00919,18171,18621,450,0.716762
100,1000,id00926,20228,19916,312,0.670057
100,1000,id00938,21449,21342,107,0.782014
100,1000,id01057,22779,22910,131,0.720784
100,1000,id01058,23292,23567,275,0.562959
100,1000,id01067,23734,23878,144,0.516498
100,1000,id01068,24436,24333,103,0.246700
100,1000,id01073,24765,24624,141,0.564767
100,1000,id01400,26462,26332,130,0.137519
100,1000,id00040,636,511,125,0.147122
100,1000,id00083,1188,896,292,0.325158
100,1000,id00655,10713,10576,137,0.535109
100,1000,id00657,12057,12793,736,0.644020
100,1000,id00710,13648,13265,383,0.624866
100,1000,id00735,14198,14087,111,0.698481
100,1000,id00786,14460,15295,835,0.681188
100,1000,id00794,15494,15607,113,0.426298
100,1000,id00887,16734,16882,148,0.234430
100,1000,id00919,18809,18124,685,0.720826
100,1000,id00926,19834,19358,476,0.657131
100,1000,id01026,22060,22213,153,0.635739
100,1000,id01057,22971,22780,191,0.783225
100,1000,id01067,23734,23870,136,0.552044
100,1000,id01068,24049,24312,263,0.656489
100,1000,id01073,24689,24483,206,0.365030
100,1000,id01074,25137,24994,143,0.754769
100,1000,id00083,819,1183,364,0.356704
100,1000,id00092,1302,1454,152,0.370268
100,1000,id00652,10394,10242,152,0.662905
100,1000,id00657,11935,11255,680,0.758711
100,1000,id00735,14064,14167,103,0.780928
100,1000,id00875,16067,16184,117,0.631069
100,1000,id00915,17422,17264,158,0.657794
100,1000,id00926,20104,20279,175,0.575405
100,1000,id00936,20679,20896,217,0.741844
100,1000,id00938,21360,21088,272,0.661471
100,1000,id01026,22231,21973,258,0.491733
100,1000,id01057,23007,22757,250,0.630959
100,1000,id01058,23255,23429,174,0.656622
100,1000,id01073,24870,24596,274,0.369500
100,1000,id00083,1012,849,163,0.417510
100,1000,id00109,1820,1962,142,0.228807
100,1000,id00188,8411,8240,171,0.537256
100,1000,id00652,10194,10348,154,0.678422
100,1000,id00710,13637,13501,136,0.665350
100,1000,id00786,14791,15114,323,0.715975
100,1000,id00887,16726,16853,127,0.585199
100,1000,id00930,20535,20636,101,0.681882
100,1000,id00938,21017,21474,457,0.543838
100,1000,id01026,22027,22492,465,0.679682
100,1000,id01057,23182,22824,358,0.166904
100,1000,id01067,23899,23767,132,0.835797
100,1000,id01073,24453,24567,114,0.457681
100,1000,id01400,26340,26467,127,0.264817
100,1000,id00083,970,853,117,0.471606
100,1000,id00188,8327,9116,789,0.317124
100,1000,id00652,10403,10149,254,0.652875
100,1000,id00735,13984,14097,113,0.674403
100,1000,id00786,15293,14796,497,0.646408
100,1000,id00875,16234,15861,373,0.593050
1000,10000,id00132,5454,2750,2704,0.399514
1000,10000,id00657,12620,10982,1638,0.828968
1000,10000,id00926,20185,19146,1039,0.537512
1000,10000,id00657,12513,11212,1301,0.797895
1000,10000,id00132,2677,5001,2324,0.087964
1000,10000,id00132,2854,7001,4147,0.637795
1000,10000,id00657,13140,11992,1148,0.893352
1000,10000,id00132,7381,3124,4257,0.253638
1000,10000,id00657,12567,11202,1365,0.831622
1000,10000,id00132,5733,3540,2193,0.204694
1000,10000,id00919,18702,17629,1073,0.666054
1000,10000,id00132,6349,4312,2037,0.246966
1000,10000,id00132,3348,7093,3745,0.308433
1000,10000,id00657,12620,11365,1255,0.813288
1000,10000,id00919,17629,18955,1326,0.654174
1000,10000,id00132,3763,5987,2224,0.454193
1000,10000,id00132,2608,7617,5009,0.386967
1000,10000,id00657,11637,13022,1385,0.787370
1000,10000,id00132,2197,5137,2940,0.409611
1000,10000,id00657,11279,12603,1324,0.835753
1000,10000,id00132,3370,5194,1824,0.676390
1000,10000,id00657,12870,11824,1046,0.754473
1000,10000,id00919,18754,17609,1145,0.641668
1000,10000,id00132,6962,4180,2782,0.287340
1000,10000,id00657,11924,13182,1258,0.775039
1000,10000,id00132,6133,7510,1377,0.290812
1000,10000,id00132,2870,4121,1251,0.723005
1000,10000,id00657,12426,11307,1119,0.819362
1000,10000,id00132,7437,2785,4652,0.191724
1000,10000,id00657,13133,11928,1205,0.750485
1000,10000,id00132,3792,6249,2457,0.388873
1000,10000,id00657,12807,10906,1901,0.691442
1000,10000,id00657,12806,11803,1003,0.699223
1000,10000,id00132,3027,6696,3669,0.354226
1000,10000,id00132,2506,6320,3814,0.277016
1000,10000,id00657,13134,11941,1193,0.825347
1000,10000,id00657,13134,11188,1946,0.783937
1000,10000,id00132,4085,7700,3615,0.441463
1000,10000,id00657,12053,10975,1078,0.694502
1000,10000,id00132,7720,2288,5432,0.415681
1000,10000,id00919,18574,17542,1032,0.521983
1000,10000,id00132,3805,5238,1433,0.284317
1000,10000,id00657,12513,11212,1301,0.797895
1000,10000,id00132,3655,6116,2461,0.466666
1000,10000,id00657,11824,13182,1358,0.692566
1000,10000,id00926,19342,20345,1003,0.602652
1000,10000,id00132,8018,5962,2056,0.559248
1000,10000,id00657,11924,13188,1264,0.714255
1000,10000,id00132,5963,7602,1639,0.373335
1000,10000,id00657,10948,12625,1677,0.860340
1000,10000,id00919,17547,18598,1051,0.473549
1000,10000,id00926,19091,20386,1295,0.609579
1000,10000,id00657,11212,12293,1081,0.781948
1000,10000,id00657,13160,11188,1972,0.797702
1000,10000,id00132,5909,3968,1941,0.259505
1000,10000,id00657,11151,13140,1989,0.738988
1000,10000,id00926,20420,19132,1288,0.611627
1000,10000,id00132,6186,3951,2235,0.409115
1000,10000,id00132,5121,7665,2544,0.230728
1000,10000,id00132,6811,5680,1131,0.596235
1000,10000,id00657,13010,11790,1220,0.808062
1000,10000,id00926,20452,19401,1051,0.477045
1000,10000,id00132,4074,7285,3211,0.428967
1000,10000,id00132,6172,3266,2906,0.126524
1000,10000,id00132,6244,2168,4076,0.136497
1000,10000,id00657,13016,11935,1081,0.792815
1000,10000,id00132,3987,7203,3216,0.319118
1000,10000,id00132,6367,3288,3079,0.479936
1000,10000,id00132,5192,2885,2307,0.406706
1000,10000,id00657,13132,11385,1747,0.730549
1000,10000,id00132,6898,5707,1191,0.241757
1000,10000,id00926,20200,19065,1135,0.555647
1000,10000,id00132,6254,2578,3676,0.635630
1000,10000,id00926,20437,19266,1171,0.610001
1000,10000,id00132,6943,2508,4435,0.397492
1000,10000,id00132,2236,6367,4131,0.591437
1000,10000,id00657,10982,12621,1639,0.816810
1000,10000,id00132,3076,5833,2757,0.558592
1000,10000,id00657,13182,10982,2200,0.768862
1000,10000,id00926,20235,19105,1130,0.602619
1000,10000,id00132,7265,2681,4584,0.359468
1000,10000,id00657,11153,12739,1586,0.645925
1000,10000,id00132,5230,7528,2298,0.245039
1000,10000,id00132,7265,2964,4301,0.450378
1000,10000,id00657,11400,13160,1760,0.791533
1000,10000,id00926,19059,20424,1365,0.463152
1000,10000,id00919,18938,17678,1260,0.618528
1000,10000,id00132,5906,7475,1569,0.366771
1000,10000,id00657,12293,11189,1104,0.771402
1000,10000,id00132,7798,4785,3013,0.263711
1000,10000,id00657,13052,10906,2146,0.893448
1000,10000,id00132,5038,7602,2564,0.194446
1000,10000,id00657,11569,13140,1571,0.677183
1000,10000,id00919,17955,18958,1003,0.698629
1000,10000,id00132,5600,3748,1852,0.104116
1000,10000,id00657,11059,13188,2129,0.721986
1000,10000,id00132,3829,6349,2520,0.437782
1000,10000,id00657,11153,12521,1368,0.763399
1000,10000,id00132,4631,5970,1339,0.411902
1000,10000,id00657,13022,11127,1895,0.715159
1000,10000,id00132,2339,6837,4498,0.285760
1000,10000,id00132,3207,6660,3453,0.305726
1000,10000,id00657,13016,11777,1239,0.814458
1000,10000,id00926,19014,20465,1451,0.429334
1000,10000,id00132,2699,4364,1665,0.165359
1000,10000,id00657,13010,11244,1766,0.780880
1000,10000,id00132,5540,3523,2017,0.216606
1000,10000,id00657,12960,11231,1729,0.807065
1000,10000,id00926,20217,19028,1189,0.561585
1000,10000,id00132,5049,2763,2286,0.205241
1000,10000,id00657,11058,12793,1735,0.567165
1000,10000,id00919,17547,18612,1065,0.456481
1000,10000,id00132,6872,2888,3984,0.263470
1000,10000,id00132,5435,7866,2431,0.248154
1000,10000,id00132,2508,5542,3034,0.389327
1000,10000,id00132,5974,4509,1465,0.528906
1000,10000,id00657,13052,11809,1243,0.823525
1000,10000,id00919,18721,17589,1132,0.589631
1000,10000,id00132,4747,5819,1072,0.428048
1000,10000,id00657,11906,13167,1261,0.724332
1000,10000,id00926,20242,19178,1064,0.639985
1000,10000,id00132,4033,7367,3334,0.254117
1000,10000,id00657,13182,11881,1301,0.778631
1000,10000,id00132,7140,2198,4942,0.414833
1000,10000,id00132,7608,2361,5247,0.380619
1000,10000,id00132,3493,7801,4308,0.617357
1000,10000,id00657,11231,13016,1785,0.836911
1000,10000,id00926,20303,19303,1000,0.683264
1000,10000,id00132,7356,3862,3494,0.135053
1000,10000,id00657,11189,13134,1945,0.824395
1000,10000,id00132,2577,7096,4519,0.424966
1000,10000,id00657,13188,11809,1379,0.763178
1000,10000,id00926,19016,20327,1311,0.552134
1000,10000,id00132,2666,4747,2081,0.487667
1000,10000,id00132,3670,6965,3295,0.382334
1000,10000,id00132,7510,3038,4472,0.390975
1000,10000,id00132,2294,3941,1647,0.424919
1000,10000,id00132,5168,2642,2526,0.668109
1000,10000,id00132,4747,2216,2531,0.605230
1000,10000,id00657,12567,11255,1312,0.785738
1000,10000,id00919,18840,17589,1251,0.688006
1000,10000,id00657,12521,11233,1288,0.786117
1000,10000,id00919,18742,17560,1182,0.521277
1000,10000,id00132,6218,7613,1395,0.272455
1000,10000,id00657,11151,12293,1142,0.782532
1000,10000,id00132,6545,2338,4207,0.340070
1000,10000,id00657,11924,13156,1232,0.860074
1000,10000,id00132,6418,2981,3437,0.320632
1000,10000,id00132,5680,7420,1740,0.596789
1000,10000,id00657,10982,12513,1531,0.804622
1000,10000,id00132,6860,4458,2402,0.274185
1000,10000,id00132,5864,7389,1525,0.481626
1000,10000,id00657,13140,10906,2234,0.898370
1000,10000,id00132,7791,2700,5091,0.202723
1000,10000,id00657,13156,11244,1912,0.810793
1000,10000,id00786,15443,14338,1105,0.588185
1000,10000,id00132,5138,6160,1022,0.459777
1000,10000,id00657,12311,10948,1363,0.875112
1000,10000,id00657,12960,11058,1902,0.688653
1000,10000,id00926,18977,20241,1264,0.549797
1000,10000,id00657,12697,11188,1509,0.787926
1000,10000,id00132,4697,5718,1021,0.314441
1000,10000,id00657,13156,11363,1793,0.828895
1000,10000,id00132,6873,5774,1099,0.308253
1000,10000,id00132,4968,3200,1768,0.536535
1000,10000,id00657,12426,11244,1182,0.764896
1000,10000,id00132,6991,2255,4736,0.127687
1000,10000,id00132,5963,2785,3178,0.536021
1000,10000,id00657,12870,11127,1743,0.780885
1000,10000,id00132,4974,6856,1882,0.229749
1000,10000,id00132,4039,5349,1310,0.509962
1000,10000,id00132,4918,2261,2657,0.170312
1000,10000,id00657,13156,11935,1221,0.781702
1000,10000,id00132,3035,6400,3365,0.370104
1000,10000,id00919,17781,18959,1178,0.638393
1000,10000,id00132,7753,2366,5387,0.351334
1000,10000,id00132,5281,2125,3156,0.193257
1000,10000,id00657,12870,11188,1682,0.750216
1000,10000,id00132,2364,6498,4134,0.609377
1000,10000,id00926,20217,19022,1195,0.591696
1000,10000,id00132,2329,6310,3981,0.396411
1000,10000,id00657,12053,11019,1034,0.879005
1000,10000,id00926,19049,20309,1260,0.587093
1000,10000,id00657,11085,12098,1013,0.830783
1000,10000,id00132,2137,7377,5240,0.389055
1000,10000,id00657,11570,12806,1236,0.819526
1000,10000,id00132,4312,7141,2829,0.512576
1000,10000,id00132,2486,5482,2996,0.263772
1000,10000,id00657,13182,11059,2123,0.689946
1000,10000,id00132,5732,3097,2635,0.567977
1000,10000,id00657,13133,11302,1831,0.797918
1000,10000,id00132,3646,5452,1806,0.255318
1000,10000,id00132,5513,3798,1715,0.301958
1000,10000,id00132,5906,4512,1394,0.348574
1000,10000,id00657,11671,12960,1289,0.748963
1000,10000,id00132,2684,5507,2823,0.338103
1000,10000,id00132,7544,6059,1485,0.203654
1000,10000,id00132,3201,7552,4351,0.256127
1000,10000,id00926,20467,19251,1216,0.707877
1000,10000,id00132,4285,2809,1476,0.703400
1000,10000,id00926,19173,20304,1131,0.583308
1000,10000,id00132,4039,5708,1669,0.383117
1000,10000,id00657,12739,11570,1169,0.746588
1000,10000,id00919,18811,17750,1061,0.680942
1000,10000,id00132,2724,7131,4407,0.402570
1000,10000,id00926,20314,19101,1213,0.524967
1000,10000,id00132,7616,2870,4746,0.521902
1000,10000,id00132,6657,8011,1354,0.127402
1000,10000,id00919,17539,18770,1231,0.526462
1000,10000,id00132,7831,2897,4934,0.226747
1000,10000,id00657,13159,11188,1971,0.769802
1000,10000,id00919,17534,18706,1172,0.524894
1000,10000,id00132,4190,7679,3489,0.436484
1000,10000,id00132,7618,6362,1256,0.497211
1000,10000,id00926,19018,20270,1252,0.491424
1000,10000,id00132,7900,2150,5750,0.210046
1000,10000,id00926,19039,20078,1039,0.524302
1000,10000,id00132,7300,5496,1804,0.533035
1000,10000,id00926,20370,19082,1288,0.565400
1000,10000,id00132,2097,6628,4531,0.376543
