model,condition,stt_threads,stt_instances,extractor_threads,duration_s,p50_ms,p95_ms,min_ms,max_ms,reps,fits_window,host,cpus,omp_threads
eres2netv2,idle,0,0,1,1.0,73.03584300825605,75.16483700601384,72.9111309919972,76.84794098895509,50,True,container,16,4
eres2netv2,idle,0,0,1,2.0,146.85606650164118,149.6094440080924,146.4208880061051,156.7965069989441,50,True,container,16,4
eres2netv2,idle,0,0,1,3.0,223.81217849761015,232.11574500601273,223.27270300593227,233.4160750033334,50,True,container,16,4
eres2netv2,idle,0,0,1,5.0,381.8909699912183,390.1002240017988,379.7015689924592,404.4011699879775,50,True,container,16,4
eres2netv2,idle,0,0,2,1.0,40.69934149447363,41.68687800120097,40.55792999861296,42.23305500636343,50,True,container,16,4
eres2netv2,idle,0,0,2,2.0,82.08026400097879,85.69854599772952,81.43209700938314,91.46549900469836,50,True,container,16,4
eres2netv2,idle,0,0,2,3.0,127.87416799983475,133.24116299918387,127.42612999863923,134.69173200428486,50,True,container,16,4
eres2netv2,idle,0,0,2,5.0,222.054300000309,235.33783500897698,221.2852670054417,236.02723899239209,50,True,container,16,4
eres2netv2,idle,0,0,8,1.0,15.823349996935576,16.854739995324053,15.739832000690512,17.337912999209948,50,True,container,16,4
eres2netv2,idle,0,0,8,2.0,33.45356950012501,33.8071100122761,33.322956005577,35.96499399282038,50,True,container,16,4
eres2netv2,idle,0,0,8,3.0,57.021997003175784,62.70059000235051,56.7444769985741,64.57038699591067,50,True,container,16,4
eres2netv2,idle,0,0,8,5.0,111.15360849362332,118.17336399690248,110.82551600702573,118.40706400107592,50,True,container,16,4
campplus,idle,0,0,1,1.0,13.561104991822504,13.638703007018194,13.503259993740357,13.696961003006436,50,True,container,16,4
campplus,idle,0,0,1,2.0,23.229657497722656,23.328294002567418,23.169835985754617,23.592202996951528,50,True,container,16,4
campplus,idle,0,0,1,3.0,33.3511865028413,34.55420800310094,33.274251996772364,34.89558899309486,50,True,container,16,4
campplus,idle,0,0,1,5.0,52.93104150041472,54.787144996225834,52.78353700123262,55.31922899535857,50,True,container,16,4
campplus,idle,0,0,2,1.0,9.791157506697346,11.006621003616601,9.596606003469788,11.507190996780992,50,True,container,16,4
campplus,idle,0,0,2,2.0,15.76353149721399,16.691488010110334,15.66647800791543,16.993426004773937,50,True,container,16,4
campplus,idle,0,0,2,3.0,22.28567849670071,23.156334995292127,22.177266000653617,23.475228997995146,50,True,container,16,4
campplus,idle,0,0,2,5.0,33.83421499893302,34.025585002382286,33.740400001988746,34.070143999997526,50,True,container,16,4
campplus,idle,0,0,8,1.0,7.031368506432045,7.118056004401296,6.98265599203296,7.1476559969596565,50,True,container,16,4
campplus,idle,0,0,8,2.0,10.659800995199475,11.78795400483068,10.593782993964851,12.119539998820983,50,True,container,16,4
campplus,idle,0,0,8,3.0,15.00421749369707,15.677435992984101,14.938974010874517,15.91737600392662,50,True,container,16,4
campplus,idle,0,0,8,5.0,20.803763502044603,21.049836999736726,20.724611007608473,21.501000999705866,50,True,container,16,4
wespeaker_en,idle,0,0,1,1.0,13.75114899565233,14.195980998920277,13.687412007129751,14.585493001504801,50,True,container,16,4
wespeaker_en,idle,0,0,1,2.0,23.45675200194819,23.627239992492832,23.38143800443504,23.63639700342901,50,True,container,16,4
wespeaker_en,idle,0,0,1,3.0,33.6096440005349,35.36506800446659,33.482828992418945,35.652125006890856,50,True,container,16,4
wespeaker_en,idle,0,0,1,5.0,53.16491000849055,54.49311400298029,53.016948004369624,55.10516698996071,50,True,container,16,4
wespeaker_en,idle,0,0,2,1.0,9.775633996468969,10.904879003646784,9.687325000413693,11.251225994783454,50,True,container,16,4
wespeaker_en,idle,0,0,2,2.0,15.834517500479706,16.892582993023098,15.73233600356616,17.23918499192223,50,True,container,16,4
wespeaker_en,idle,0,0,2,3.0,22.376466491550673,23.068837996106595,22.30601898918394,24.082720003207214,50,True,container,16,4
wespeaker_en,idle,0,0,2,5.0,34.04719100217335,35.225649990024976,33.91564999765251,35.672498008352704,50,True,container,16,4
wespeaker_en,idle,0,0,8,1.0,7.212500997411553,7.957189998705871,7.153350001317449,8.884073002263904,50,True,container,16,4
wespeaker_en,idle,0,0,8,2.0,10.734114002843853,11.459286004537717,10.675876997993328,12.166829998022877,50,True,container,16,4
wespeaker_en,idle,0,0,8,3.0,15.151349492953159,15.271027994458564,15.08512400323525,15.667448999010958,50,True,container,16,4
wespeaker_en,idle,0,0,8,5.0,20.999180000217166,22.55399500427302,20.89525399787817,25.132752998615615,50,True,container,16,4
campplus_zh,idle,0,0,1,1.0,13.793209996947553,13.887802997487597,13.740128008066677,14.22765500319656,50,True,container,16,4
campplus_zh,idle,0,0,1,2.0,23.469452004064806,24.171501005184837,23.39798900356982,24.355936009669676,50,True,container,16,4
campplus_zh,idle,0,0,1,3.0,33.569718500075396,34.99539400218055,33.49432299728505,35.42796499095857,50,True,container,16,4
campplus_zh,idle,0,0,1,5.0,53.13760099670617,55.10939900705125,53.06020000716671,55.29065799782984,50,True,container,16,4
campplus_zh,idle,0,0,2,1.0,9.819756000069901,10.827109988895245,9.762461006175727,11.577186989597976,50,True,container,16,4
campplus_zh,idle,0,0,2,2.0,15.923147504508961,16.779701007180847,15.80134200048633,17.037969999364577,50,True,container,16,4
campplus_zh,idle,0,0,2,3.0,22.455333004472777,22.77902199421078,22.383339994121343,22.90141901175957,50,True,container,16,4
campplus_zh,idle,0,0,2,5.0,34.01000900339568,35.71799299970735,33.85857699322514,35.838629002682865,50,True,container,16,4
campplus_zh,idle,0,0,8,1.0,7.163265996496193,7.22852599574253,7.128992001526058,7.312229005037807,50,True,container,16,4
campplus_zh,idle,0,0,8,2.0,10.815226996783167,12.095921993022785,10.756208997918293,12.70189399656374,50,True,container,16,4
campplus_zh,idle,0,0,8,3.0,15.183245508524124,16.093818994704634,15.091951005160809,16.134195000631735,50,True,container,16,4
campplus_zh,idle,0,0,8,5.0,20.95830449979985,21.215045009739697,20.836903000599705,21.818221008288674,50,True,container,16,4
eres2net_base_200k,idle,0,0,1,1.0,29.49153900408419,30.5269579985179,29.408160989987664,30.90739199251402,50,True,container,16,4
eres2net_base_200k,idle,0,0,1,2.0,57.65587849600706,60.422656999435276,57.51187799614854,60.96305498795118,50,True,container,16,4
eres2net_base_200k,idle,0,0,1,3.0,86.86954150471138,90.65811499021947,86.71804799814709,93.10711099533364,50,True,container,16,4
eres2net_base_200k,idle,0,0,1,5.0,150.89398900454398,155.64827699563466,150.47326000058092,158.3811960008461,50,True,container,16,4
eres2net_base_200k,idle,0,0,2,1.0,16.82497599540511,17.559016006998718,16.746730005252175,18.48107400292065,50,True,container,16,4
eres2net_base_200k,idle,0,0,2,2.0,31.89621250203345,33.84643999743275,31.750883004860952,34.5647439971799,50,True,container,16,4
eres2net_base_200k,idle,0,0,2,3.0,48.00279749906622,51.41546099912375,47.79867400065996,54.777380006271414,50,True,container,16,4
eres2net_base_200k,idle,0,0,2,5.0,86.07056100299815,90.50880500581115,85.63888000207953,93.73942299862392,50,True,container,16,4
eres2net_base_200k,idle,0,0,8,1.0,8.90938699740218,9.387670012074523,8.863298004143871,10.04212599946186,50,True,container,16,4
eres2net_base_200k,idle,0,0,8,2.0,15.219732507830486,15.767638004035689,15.142208998440765,16.336177999619395,50,True,container,16,4
eres2net_base_200k,idle,0,0,8,3.0,22.661366492684465,22.83388000796549,22.527528009959497,22.868871004902758,50,True,container,16,4
eres2net_base_200k,idle,0,0,8,5.0,46.990768001705874,51.07076300191693,46.66238299978431,54.25209199893288,50,True,container,16,4
wespeaker_zh_cnceleb,idle,0,0,1,1.0,30.51723400130868,31.597114997566678,30.465560994343832,31.744915002491325,50,True,container,16,4
wespeaker_zh_cnceleb,idle,0,0,1,2.0,60.26362650300143,61.1940609960584,60.17176700697746,61.3534099975368,50,True,container,16,4
wespeaker_zh_cnceleb,idle,0,0,1,3.0,90.51217200612882,91.95409799576737,90.399640990654,94.37993299798109,50,True,container,16,4
wespeaker_zh_cnceleb,idle,0,0,1,5.0,150.74772249499802,153.184243987198,150.5683110008249,155.15000000596046,50,True,container,16,4
wespeaker_zh_cnceleb,idle,0,0,2,1.0,16.243507001490798,16.853938999702223,16.180906008230522,19.04244899924379,50,True,container,16,4
wespeaker_zh_cnceleb,idle,0,0,2,2.0,31.85153950471431,32.89840499928687,31.754280003951862,33.54035499796737,50,True,container,16,4
wespeaker_zh_cnceleb,idle,0,0,2,3.0,47.66965900489595,48.846824996871874,47.56509499566164,49.50781499792356,50,True,container,16,4
wespeaker_zh_cnceleb,idle,0,0,2,5.0,79.25944499584148,81.53805100300815,79.1182020038832,82.3433370096609,50,True,container,16,4
wespeaker_zh_cnceleb,idle,0,0,8,1.0,6.164466998598073,6.191004009451717,6.1166160012362525,6.200408999575302,50,True,container,16,4
wespeaker_zh_cnceleb,idle,0,0,8,2.0,11.516908998601139,11.580759004573338,11.47698299610056,11.73439499689266,50,True,container,16,4
wespeaker_zh_cnceleb,idle,0,0,8,3.0,16.91238350031199,17.20483299868647,16.845965990796685,17.444648008677177,50,True,container,16,4
wespeaker_zh_cnceleb,idle,0,0,8,5.0,27.72046550671803,28.73947699845303,27.626682989648543,29.218655996373855,50,True,container,16,4
eres2netv2,contended-stt4,4,2,1,1.0,97.03763399738818,194.91437899705488,90.94150600139983,206.90453800489195,50,True,container,16,4
eres2netv2,contended-stt4,4,2,1,2.0,236.16275250242325,428.47615700156894,184.80488398927264,472.6952810015064,50,True,container,16,4
eres2netv2,contended-stt4,4,2,1,3.0,306.674520506931,594.1223039990291,278.4938940021675,613.6150899983477,50,True,container,16,4
eres2netv2,contended-stt4,4,2,1,5.0,557.887919996574,1079.6776130009675,481.84371800743975,1098.5944810090587,50,False,container,16,4
eres2netv2,contended-stt4,4,2,2,1.0,58.10509250295581,111.6236630041385,50.603392999619246,144.40001800539903,50,True,container,16,4
eres2netv2,contended-stt4,4,2,2,2.0,140.2409565052949,269.9706179992063,107.70920698996633,306.64182201144286,50,True,container,16,4
eres2netv2,contended-stt4,4,2,2,3.0,305.3869549985393,462.5253730046097,164.88723299698904,527.6667449943488,50,True,container,16,4
eres2netv2,contended-stt4,4,2,2,5.0,412.918850503047,635.1035109983059,292.33866700087674,730.1887729990995,50,True,container,16,4
eres2netv2,contended-stt4,4,2,8,1.0,90.92722400237108,130.72443699638825,53.42864299018402,147.9976029950194,50,True,container,16,4
eres2netv2,contended-stt4,4,2,8,2.0,157.67099000368034,285.9523689985508,85.86462099628989,295.01287499442697,50,True,container,16,4
eres2netv2,contended-stt4,4,2,8,3.0,267.6229670032626,355.30146599921864,177.3089859925676,410.06585700961296,50,True,container,16,4
eres2netv2,contended-stt4,4,2,8,5.0,444.423608998477,585.8968069951516,311.052147008013,647.1811439987505,50,True,container,16,4
campplus,contended-stt4,4,2,1,1.0,36.111969500780106,41.905233010766096,17.27815199410543,44.301522997557186,50,True,container,16,4
campplus,contended-stt4,4,2,1,2.0,33.176084005390294,68.02928500110283,29.06795199669432,76.21764599753078,50,True,container,16,4
campplus,contended-stt4,4,2,1,3.0,43.78839550190605,106.37136000150349,41.977628992754035,113.5201249999227,50,True,container,16,4
campplus,contended-stt4,4,2,1,5.0,69.53412049188046,141.30578700860497,65.51611599570606,145.01515099254902,50,True,container,16,4
campplus,contended-stt4,4,2,2,1.0,17.26489250722807,34.13704900594894,12.767262989655137,38.94342099374626,50,True,container,16,4
campplus,contended-stt4,4,2,2,2.0,23.85741550097009,47.94768599094823,20.93748000334017,50.23246200289577,50,True,container,16,4
campplus,contended-stt4,4,2,2,3.0,34.99049450329039,64.78007200348657,30.11110398801975,67.63174899970181,50,True,container,16,4
campplus,contended-stt4,4,2,2,5.0,91.97560550092021,127.98568700964097,46.336532002897,132.93014900409617,50,True,container,16,4
campplus,contended-stt4,4,2,8,1.0,25.28780049760826,40.73280301236082,14.300757989985868,41.24832901288755,50,True,container,16,4
campplus,contended-stt4,4,2,8,2.0,36.800711503019556,62.548957008402795,23.73944599821698,69.66713001020253,50,True,container,16,4
campplus,contended-stt4,4,2,8,3.0,37.205402499239426,69.29739299812354,27.20044799207244,78.11288199445698,50,True,container,16,4
campplus,contended-stt4,4,2,8,5.0,90.68419050163357,132.0681309880456,71.25592100783251,147.16969200526364,50,True,container,16,4
wespeaker_en,contended-stt4,4,2,1,1.0,34.6738415028085,54.98724700009916,17.89773399650585,61.93647799955215,50,True,container,16,4
wespeaker_en,contended-stt4,4,2,1,2.0,35.62502350541763,70.2731070050504,29.690559007576667,71.83918499504216,50,True,container,16,4
wespeaker_en,contended-stt4,4,2,1,3.0,51.46369049907662,95.06042399152648,42.99899500620086,118.47828999452759,50,True,container,16,4
wespeaker_en,contended-stt4,4,2,1,5.0,76.56750400929013,155.87687699007802,67.97943900164682,188.2059869967634,50,True,container,16,4
wespeaker_en,contended-stt4,4,2,2,1.0,29.56095700210426,35.509245994035155,15.355807990999892,44.615680002607405,50,True,container,16,4
wespeaker_en,contended-stt4,4,2,2,2.0,23.892625998996664,53.2351989968447,20.091144993784837,81.31735399365425,50,True,container,16,4
wespeaker_en,contended-stt4,4,2,2,3.0,47.146042496024165,82.01722799276467,30.061262994422577,99.14355199725833,50,True,container,16,4
wespeaker_en,contended-stt4,4,2,2,5.0,91.42635299940594,103.02195900294464,46.56638599408325,140.0889219949022,50,True,container,16,4
wespeaker_en,contended-stt4,4,2,8,1.0,30.762650996621232,48.6526119930204,21.442445009597577,53.38529900473077,50,True,container,16,4
wespeaker_en,contended-stt4,4,2,8,2.0,57.13179699523607,78.99533699674066,35.49885599932168,83.58446400961839,50,True,container,16,4
wespeaker_en,contended-stt4,4,2,8,3.0,48.09738499898231,88.33439399313647,30.23978599230759,110.43372499989346,50,True,container,16,4
wespeaker_en,contended-stt4,4,2,8,5.0,100.0576424994506,140.80085699970368,67.16645299457014,151.2536959926365,50,True,container,16,4
campplus_zh,contended-stt4,4,2,1,1.0,19.80991050368175,40.23641698586289,17.854639008874074,43.45157901116181,50,True,container,16,4
campplus_zh,contended-stt4,4,2,1,2.0,39.23843449592823,70.22818300174549,29.471290996298194,72.94374999764841,50,True,container,16,4
campplus_zh,contended-stt4,4,2,1,3.0,66.91837099788245,116.23280499770772,42.39473199413624,126.8793210037984,50,True,container,16,4
campplus_zh,contended-stt4,4,2,1,5.0,73.02130600146484,138.78701700014062,66.51217199396342,171.3305540033616,50,True,container,16,4
campplus_zh,contended-stt4,4,2,2,1.0,29.676338002900593,43.62953201052733,13.266570997075178,57.54286400042474,50,True,container,16,4
campplus_zh,contended-stt4,4,2,2,2.0,36.890062503516674,65.54047501413152,20.708071009721607,73.63467999675777,50,True,container,16,4
campplus_zh,contended-stt4,4,2,2,3.0,90.63331249490147,106.8330859998241,39.191774994833395,117.67902399878949,50,True,container,16,4
campplus_zh,contended-stt4,4,2,2,5.0,95.31362699635793,145.28550300747156,47.83295700326562,179.8715879995143,50,True,container,16,4
campplus_zh,contended-stt4,4,2,8,1.0,28.25712949561421,47.83282800053712,10.820343988598324,50.33957200066652,50,True,container,16,4
campplus_zh,contended-stt4,4,2,8,2.0,37.68071049125865,64.04016299347859,16.547474995604716,65.08194300113246,50,True,container,16,4
campplus_zh,contended-stt4,4,2,8,3.0,54.29867649945663,77.5877819978632,41.797195008257404,85.45618200150784,50,True,container,16,4
campplus_zh,contended-stt4,4,2,8,5.0,79.0472399967257,133.85413600190077,48.56889200164005,148.0964599904837,50,True,container,16,4
eres2net_base_200k,contended-stt4,4,2,1,1.0,41.982615999586415,66.60600200120825,34.95541999291163,76.00015199568588,50,True,container,16,4
eres2net_base_200k,contended-stt4,4,2,1,2.0,76.19872500072233,130.24527799279895,71.6032600030303,161.6104120039381,50,True,container,16,4
eres2net_base_200k,contended-stt4,4,2,1,3.0,118.10334349866025,216.9393150106771,110.7743619941175,242.46074100665282,50,True,container,16,4
eres2net_base_200k,contended-stt4,4,2,1,5.0,209.69381949544186,311.86012299440335,192.83976999577135,519.459140006802,50,True,container,16,4
eres2net_base_200k,contended-stt4,4,2,2,1.0,46.478346492222045,64.71892399713397,22.159140993608162,73.4204759937711,50,True,container,16,4
eres2net_base_200k,contended-stt4,4,2,2,2.0,86.53217000392033,126.34204300411511,42.74071799591184,164.75614500814117,50,True,container,16,4
eres2net_base_200k,contended-stt4,4,2,2,3.0,131.94291349645937,206.137018991285,64.70187299419194,223.82354600995313,50,True,container,16,4
eres2net_base_200k,contended-stt4,4,2,2,5.0,224.17218799819238,275.7041339937132,117.76841100072488,342.924630997004,50,True,container,16,4
eres2net_base_200k,contended-stt4,4,2,8,1.0,41.92910299752839,73.05040600476786,26.098633999936283,82.63827099290211,50,True,container,16,4
eres2net_base_200k,contended-stt4,4,2,8,2.0,63.263408505008556,124.40779099415522,40.78589899290819,129.08668699674308,50,True,container,16,4
eres2net_base_200k,contended-stt4,4,2,8,3.0,121.06011199648492,184.6514540084172,77.19587700557895,197.0918930019252,50,True,container,16,4
eres2net_base_200k,contended-stt4,4,2,8,5.0,182.596458500484,323.3040759951109,137.37123299506493,355.7932749972679,50,True,container,16,4
wespeaker_zh_cnceleb,contended-stt4,4,2,1,1.0,40.280987006553914,78.70390999596566,36.72392699809279,82.20633000019006,50,True,container,16,4
wespeaker_zh_cnceleb,contended-stt4,4,2,1,2.0,75.85157700668788,146.47284599777777,71.59583899192512,177.6161550078541,50,True,container,16,4
wespeaker_zh_cnceleb,contended-stt4,4,2,1,3.0,113.07649350055726,273.6294400092447,105.29567500634585,288.27225300483406,50,True,container,16,4
wespeaker_zh_cnceleb,contended-stt4,4,2,1,5.0,233.10702600429067,398.1881810032064,180.16834500303958,457.2392209956888,50,True,container,16,4
wespeaker_zh_cnceleb,contended-stt4,4,2,2,1.0,45.40082550374791,59.713843002100475,22.223071006010287,89.61903299496043,50,True,container,16,4
wespeaker_zh_cnceleb,contended-stt4,4,2,2,2.0,47.89576499024406,92.71101400372572,41.44597900449298,100.18876001413446,50,True,container,16,4
wespeaker_zh_cnceleb,contended-stt4,4,2,2,3.0,99.91516148875235,164.11489999154583,56.9959989952622,185.54897399735637,50,True,container,16,4
wespeaker_zh_cnceleb,contended-stt4,4,2,2,5.0,144.8404945040238,223.6730059958063,96.63300699321553,238.7946200033184,50,True,container,16,4
wespeaker_zh_cnceleb,contended-stt4,4,2,8,1.0,25.15154399588937,60.39274699287489,17.933347000507638,66.44431399763562,50,True,container,16,4
wespeaker_zh_cnceleb,contended-stt4,4,2,8,2.0,62.499064501025714,96.95899100915994,39.412974001606926,111.61117200390436,50,True,container,16,4
wespeaker_zh_cnceleb,contended-stt4,4,2,8,3.0,107.99462349677924,122.40259099053219,61.74667700543068,163.89655800594483,50,True,container,16,4
wespeaker_zh_cnceleb,contended-stt4,4,2,8,5.0,166.49584900733316,208.43684898864012,90.2642260043649,299.4399769959273,50,True,container,16,4
eres2netv2,contended-stt8,8,2,1,1.0,262.6850444939919,326.04187600372825,133.30092799151316,417.58444599690847,50,True,container,16,4
eres2netv2,contended-stt8,8,2,1,2.0,518.8612669953727,589.9210649949964,324.10884099954274,738.1456080038333,50,True,container,16,4
eres2netv2,contended-stt8,8,2,1,3.0,769.2178369979956,906.962051987648,266.42729601007886,931.5011209982913,50,False,container,16,4
eres2netv2,contended-stt8,8,2,1,5.0,1271.2041760023567,1434.446080995258,525.8682419953402,1576.422571000876,50,False,container,16,4
eres2netv2,contended-stt8,8,2,2,1.0,234.83102400496136,288.9292600011686,139.39708199177403,324.7051969956374,50,True,container,16,4
eres2netv2,contended-stt8,8,2,2,2.0,322.69058300880715,455.6311289925361,97.3554930096725,518.6079779959982,50,True,container,16,4
eres2netv2,contended-stt8,8,2,2,3.0,596.6482255025767,696.896267007105,419.5640160032781,771.1449449998327,50,True,container,16,4
eres2netv2,contended-stt8,8,2,2,5.0,919.4664564929553,1031.0081959905801,545.6779270025436,1077.9667750030058,50,False,container,16,4
eres2netv2,contended-stt8,8,2,8,1.0,218.6197120026918,296.53593800321687,141.92025699594524,389.0756320033688,50,True,container,16,4
eres2netv2,contended-stt8,8,2,8,2.0,409.8636074922979,526.1182589892996,251.89070400665514,564.1099399945233,50,True,container,16,4
eres2netv2,contended-stt8,8,2,8,3.0,579.7454439889407,697.7196889929473,400.7396319939289,805.9802569914609,50,True,container,16,4
eres2netv2,contended-stt8,8,2,8,5.0,899.6751595041133,1144.3219119973946,720.0945929944282,1241.4507009962108,50,False,container,16,4
campplus,contended-stt8,8,2,1,1.0,53.55101950408425,58.725405993754975,32.43346700037364,73.79018000210635,50,True,container,16,4
campplus,contended-stt8,8,2,1,2.0,88.66850550111849,101.0809360013809,58.01314099517185,129.6874240069883,50,True,container,16,4
campplus,contended-stt8,8,2,1,3.0,84.72412400442408,132.49339899630286,46.06700100703165,139.73272700968664,50,True,container,16,4
campplus,contended-stt8,8,2,1,5.0,176.30038149945904,249.45977199240588,64.99346300552133,325.1465400098823,50,True,container,16,4
campplus,contended-stt8,8,2,2,1.0,52.007969505211804,63.830507002421655,37.1322769933613,71.4311889896635,50,True,container,16,4
campplus,contended-stt8,8,2,2,2.0,83.05797549837735,119.95404100161977,57.9648259881651,130.5356410011882,50,True,container,16,4
campplus,contended-stt8,8,2,2,3.0,116.26227900705999,140.2614620019449,71.36217999504879,151.84416800912004,50,True,container,16,4
campplus,contended-stt8,8,2,2,5.0,170.87885300134076,222.0514259970514,123.94965901330579,258.59105499694124,50,True,container,16,4
campplus,contended-stt8,8,2,8,1.0,54.328236503351945,84.67168599599972,17.334085001493804,116.87530900235288,50,True,container,16,4
campplus,contended-stt8,8,2,8,2.0,99.84055150562199,137.04183700610884,72.34602700918913,166.40125600679312,50,True,container,16,4
campplus,contended-stt8,8,2,8,3.0,118.32664749817923,163.91390799253713,55.9803680080222,179.7452729952056,50,True,container,16,4
campplus,contended-stt8,8,2,8,5.0,160.84464400773868,210.39358399866614,84.53019199077971,233.7272849981673,50,True,container,16,4
wespeaker_en,contended-stt8,8,2,1,1.0,38.27138749329606,60.04529799974989,23.900161002529785,63.7257460039109,50,True,container,16,4
wespeaker_en,contended-stt8,8,2,1,2.0,90.38325848814566,121.16646200593095,48.202350008068606,150.61635700112674,50,True,container,16,4
wespeaker_en,contended-stt8,8,2,1,3.0,126.95563150919043,151.7782820010325,73.49179701122921,169.65935999178328,50,True,container,16,4
wespeaker_en,contended-stt8,8,2,1,5.0,205.29840500239516,252.86609599424992,65.90627500554547,278.9052699954482,50,True,container,16,4
wespeaker_en,contended-stt8,8,2,2,1.0,43.75884550245246,58.3528379938798,22.467258997494355,71.3985979964491,50,True,container,16,4
wespeaker_en,contended-stt8,8,2,2,2.0,84.56631650187774,107.15934599284083,53.22915699798614,125.29052198806312,50,True,container,16,4
wespeaker_en,contended-stt8,8,2,2,3.0,121.74576799588976,152.96107799804304,42.33475400542375,192.56559098721482,50,True,container,16,4
wespeaker_en,contended-stt8,8,2,2,5.0,155.1637269949424,219.6209959947737,118.85196300863754,287.6704719965346,50,True,container,16,4
wespeaker_en,contended-stt8,8,2,8,1.0,59.49826550204307,90.61184400343336,35.84013399085961,102.89568200823851,50,True,container,16,4
wespeaker_en,contended-stt8,8,2,8,2.0,74.01621149620041,122.6370109943673,37.489994007046334,133.31700599519536,50,True,container,16,4
wespeaker_en,contended-stt8,8,2,8,3.0,124.03180749970488,159.82841400546022,87.54250199126545,169.6334059961373,50,True,container,16,4
wespeaker_en,contended-stt8,8,2,8,5.0,198.66895049926825,253.40065099589992,119.81618400022853,256.219130998943,50,True,container,16,4
campplus_zh,contended-stt8,8,2,1,1.0,51.69867699441966,63.389910996193066,23.997438009246252,64.75073299952783,50,True,container,16,4
campplus_zh,contended-stt8,8,2,1,2.0,90.14729450427694,97.07543799595442,55.88667199481279,107.40499399253167,50,True,container,16,4
campplus_zh,contended-stt8,8,2,1,3.0,126.89467800373677,160.09230399504304,52.02651700528804,169.745591992978,50,True,container,16,4
campplus_zh,contended-stt8,8,2,1,5.0,200.93609150353586,225.54617800051346,102.08129900274798,314.5997129904572,50,True,container,16,4
campplus_zh,contended-stt8,8,2,2,1.0,53.42832950555021,62.984774995129555,28.882019003503956,63.63615900045261,50,True,container,16,4
campplus_zh,contended-stt8,8,2,2,2.0,61.34607249987312,80.19958699878771,30.07497001090087,108.0099779937882,50,True,container,16,4
campplus_zh,contended-stt8,8,2,2,3.0,116.59390349814203,135.8097310003359,97.78577700490132,152.3848899960285,50,True,container,16,4
campplus_zh,contended-stt8,8,2,2,5.0,177.65471099846764,232.6113539893413,129.18727200303692,233.11090399511158,50,True,container,16,4
campplus_zh,contended-stt8,8,2,8,1.0,60.69269300496671,81.15033799549565,35.07645400532056,84.71590500266757,50,True,container,16,4
campplus_zh,contended-stt8,8,2,8,2.0,81.40437600377481,100.31540499767289,45.03109700453933,109.58519499399699,50,True,container,16,4
campplus_zh,contended-stt8,8,2,8,3.0,125.6753499910701,167.77988499961793,76.0688510054024,178.09148800733965,50,True,container,16,4
campplus_zh,contended-stt8,8,2,8,5.0,195.45426999684423,243.5514980024891,114.94077699899208,272.0002879941603,50,True,container,16,4
eres2net_base_200k,contended-stt8,8,2,1,1.0,107.76084000099218,116.37551900639664,36.59188399615232,123.63679599366151,50,True,container,16,4
eres2net_base_200k,contended-stt8,8,2,1,2.0,196.621425995545,231.96361599548254,70.56106500385795,290.1225210080156,50,True,container,16,4
eres2net_base_200k,contended-stt8,8,2,1,3.0,326.0755014998722,346.9276100076968,186.26724400382955,368.97042399505153,50,True,container,16,4
eres2net_base_200k,contended-stt8,8,2,1,5.0,567.0199654996395,639.6524559968384,212.720672992873,659.4411789992591,50,True,container,16,4
eres2net_base_200k,contended-stt8,8,2,2,1.0,85.27934650192037,110.72781500115525,42.01435898721684,128.5328169906279,50,True,container,16,4
eres2net_base_200k,contended-stt8,8,2,2,2.0,190.40361649240367,258.70879899594,106.59274400677532,275.3921120020095,50,True,container,16,4
eres2net_base_200k,contended-stt8,8,2,2,3.0,250.73299200448673,304.9353050009813,161.32781399937812,349.82047700032126,50,True,container,16,4
eres2net_base_200k,contended-stt8,8,2,2,5.0,439.8853494931245,567.9997869883664,323.3924200030742,632.0430240011774,50,True,container,16,4
eres2net_base_200k,contended-stt8,8,2,8,1.0,89.76591649843613,152.1197419933742,51.89206500654109,203.71431700186804,50,True,container,16,4
eres2net_base_200k,contended-stt8,8,2,8,2.0,180.6982185007655,264.04775300761685,87.3803850117838,277.6948340033414,50,True,container,16,4
eres2net_base_200k,contended-stt8,8,2,8,3.0,252.58513950393535,344.8021369986236,166.53160699934233,375.43632299639285,50,True,container,16,4
eres2net_base_200k,contended-stt8,8,2,8,5.0,471.6224730000249,599.839989998145,354.3446100084111,612.7061560109723,50,True,container,16,4
wespeaker_zh_cnceleb,contended-stt8,8,2,1,1.0,73.30751950212289,120.48754500574432,56.975849001901224,159.90750899072737,50,True,container,16,4
wespeaker_zh_cnceleb,contended-stt8,8,2,1,2.0,195.11299549776595,218.33552600583062,69.69957399996929,229.1739350039279,50,True,container,16,4
wespeaker_zh_cnceleb,contended-stt8,8,2,1,3.0,300.648653996177,374.09287299669813,107.94582999369595,415.80671700648963,50,True,container,16,4
wespeaker_zh_cnceleb,contended-stt8,8,2,1,5.0,410.7441650048713,597.3261200124398,176.21479299850762,656.7551990010543,50,True,container,16,4
wespeaker_zh_cnceleb,contended-stt8,8,2,2,1.0,51.319642007001676,97.232147003524,19.929132002289407,122.3344600002747,50,True,container,16,4
wespeaker_zh_cnceleb,contended-stt8,8,2,2,2.0,144.46272150235018,199.40503301040735,78.2450419937959,206.60828199470416,50,True,container,16,4
wespeaker_zh_cnceleb,contended-stt8,8,2,2,3.0,221.35497899580514,301.0005899996031,129.21638900297694,396.5712630015332,50,True,container,16,4
wespeaker_zh_cnceleb,contended-stt8,8,2,2,5.0,297.20575099781854,332.0118809933774,108.0537980014924,346.76706000755075,50,True,container,16,4
wespeaker_zh_cnceleb,contended-stt8,8,2,8,1.0,78.52877050027018,98.9524269971298,50.40423999889754,101.03949900076259,50,True,container,16,4
wespeaker_zh_cnceleb,contended-stt8,8,2,8,2.0,131.8991915031802,177.12545400718227,72.97002100676764,202.0360599999549,50,True,container,16,4
wespeaker_zh_cnceleb,contended-stt8,8,2,8,3.0,235.69159150065389,283.3681249903748,71.14409899804741,303.83694400370587,50,True,container,16,4
wespeaker_zh_cnceleb,contended-stt8,8,2,8,5.0,313.1925740017323,405.96954998909496,149.80684100009967,437.7353449963266,50,True,container,16,4
eres2netv2,idle,0,0,1,1.0,73.15837949863635,73.82690500526223,72.97145499614999,75.6118970020907,50,True,container,16,8
eres2netv2,idle,0,0,1,2.0,146.51314650836866,151.53557200392243,146.19661000324413,152.2669149999274,50,True,container,16,8
eres2netv2,idle,0,0,1,3.0,223.7201549942256,230.327152996324,223.24105400184635,234.436756989453,50,True,container,16,8
eres2netv2,idle,0,0,1,5.0,381.55229550466174,391.63350898888893,380.7312870048918,394.2968759947689,50,True,container,16,8
eres2netv2,idle,0,0,2,1.0,40.78792899963446,43.359176997910254,40.61926000576932,44.29090399935376,50,True,container,16,8
eres2netv2,idle,0,0,2,2.0,82.06012099981308,86.00048399239313,81.80983600323088,86.74202900147066,50,True,container,16,8
eres2netv2,idle,0,0,2,3.0,127.4605939979665,132.1493779978482,127.02559900935739,135.0745179952355,50,True,container,16,8
eres2netv2,idle,0,0,2,5.0,221.96855249785585,230.66223099885974,221.40694499830715,233.87268598889932,50,True,container,16,8
eres2netv2,idle,0,0,8,1.0,15.84776199888438,17.157580005005002,15.773973995237611,17.860053005279042,50,True,container,16,8
eres2netv2,idle,0,0,8,2.0,33.52039550372865,36.15418200206477,33.349573001032695,36.47357599402312,50,True,container,16,8
eres2netv2,idle,0,0,8,3.0,56.79641099413857,59.346377005567774,56.59385200124234,60.7270239997888,50,True,container,16,8
eres2netv2,idle,0,0,8,5.0,110.90861100092297,118.96288201387506,110.45336400275119,122.39180400501937,50,True,container,16,8
campplus,idle,0,0,1,1.0,13.658534997375682,13.799018997815438,13.598884994280525,13.880568993045017,50,True,container,16,8
campplus,idle,0,0,1,2.0,23.29579251090763,23.824907999369316,23.22819799883291,24.925795005401596,50,True,container,16,8
campplus,idle,0,0,1,3.0,33.45861550769769,34.72041500208434,33.34780600562226,35.032569998293184,50,True,container,16,8
campplus,idle,0,0,1,5.0,52.917306500603445,54.4145799940452,52.788503002375364,57.45300000126008,50,True,container,16,8
campplus,idle,0,0,2,1.0,9.653405504650436,9.761209003045224,9.606516003259458,9.82444301189389,50,True,container,16,8
campplus,idle,0,0,2,2.0,15.751331993669737,15.955800001393072,15.667831001337618,16.626312004518695,50,True,container,16,8
campplus,idle,0,0,2,3.0,22.267947504587937,23.755916990921833,22.191912998096086,24.327810999238864,50,True,container,16,8
campplus,idle,0,0,2,5.0,33.98936399753438,35.794734008959495,33.832809000159614,37.19305599224754,50,True,container,16,8
campplus,idle,0,0,8,1.0,7.113059000403155,7.195206999313086,7.05432599352207,7.553446004749276,50,True,container,16,8
campplus,idle,0,0,8,2.0,10.695191500417423,10.844500007806346,10.626199000398628,11.07836200390011,50,True,container,16,8
campplus,idle,0,0,8,3.0,15.051321002829354,15.126728001632728,14.991880001616664,15.591193005093373,50,True,container,16,8
campplus,idle,0,0,8,5.0,20.84765149629675,21.844219998456538,20.77427699987311,22.64712301257532,50,True,container,16,8
wespeaker_en,idle,0,0,1,1.0,13.889875503082294,14.932842008420266,13.74831999419257,15.733653999632224,50,True,container,16,8
wespeaker_en,idle,0,0,1,2.0,23.462823999579996,23.68083200417459,23.378434998448938,23.880200998974033,50,True,container,16,8
wespeaker_en,idle,0,0,1,3.0,33.53181000420591,33.78836299816612,33.45447199535556,35.04810699087102,50,True,container,16,8
wespeaker_en,idle,0,0,1,5.0,53.217364991724025,55.39899600262288,53.06933700921945,56.508869005483575,50,True,container,16,8
wespeaker_en,idle,0,0,2,1.0,9.78685550217051,9.915890012052841,9.734541992656887,10.588384000584483,50,True,container,16,8
wespeaker_en,idle,0,0,2,2.0,15.85753799736267,16.2407719908515,15.795532992342487,16.413050005212426,50,True,container,16,8
wespeaker_en,idle,0,0,2,3.0,22.4375044927001,23.441435012500733,22.34176300407853,24.23858300608117,50,True,container,16,8
wespeaker_en,idle,0,0,2,5.0,34.10206850094255,35.60719499364495,33.95506300148554,36.47667900077067,50,True,container,16,8
wespeaker_en,idle,0,0,8,1.0,7.247868496051524,7.357351991231553,7.20418500714004,7.587290994706564,50,True,container,16,8
wespeaker_en,idle,0,0,8,2.0,10.767840998596512,10.806234000483528,10.726061998866498,10.825532008311711,50,True,container,16,8
wespeaker_en,idle,0,0,8,3.0,15.212402504403144,16.160634011612274,15.168227997492068,18.143510998925194,50,True,container,16,8
wespeaker_en,idle,0,0,8,5.0,21.06210398778785,21.896705991821364,20.99559899943415,23.098257996025495,50,True,container,16,8
campplus_zh,idle,0,0,1,1.0,13.914523493440356,14.803222002228722,13.835564997862093,15.511623991187662,50,True,container,16,8
campplus_zh,idle,0,0,1,2.0,23.513349500717595,23.744815989630297,23.461909004254267,24.730318007641472,50,True,container,16,8
campplus_zh,idle,0,0,1,3.0,33.684640504361596,34.5417000062298,33.60497199173551,34.98587099602446,50,True,container,16,8
campplus_zh,idle,0,0,1,5.0,53.188028003205545,54.63163199601695,53.032109994092025,55.56834601156879,50,True,container,16,8
campplus_zh,idle,0,0,2,1.0,9.801345004234463,9.920054988469929,9.752199999638833,10.03425000817515,50,True,container,16,8
campplus_zh,idle,0,0,2,2.0,15.876199999183882,16.018373004044406,15.824896006961353,16.086924995761365,50,True,container,16,8
campplus_zh,idle,0,0,2,3.0,22.455353995610494,23.43114399991464,22.34949599369429,23.877309009549208,50,True,container,16,8
campplus_zh,idle,0,0,2,5.0,34.14713250094792,36.18700199876912,33.98236200155225,36.487983001279645,50,True,container,16,8
campplus_zh,idle,0,0,8,1.0,7.2322444975725375,7.271772003150545,7.1933349972823635,7.4002500041387975,50,True,container,16,8
campplus_zh,idle,0,0,8,2.0,10.833647502295207,10.994361990015022,10.786145998281427,11.011102003976703,50,True,container,16,8
campplus_zh,idle,0,0,8,3.0,15.134875997318886,15.226478994009085,15.080822005984373,15.32748099998571,50,True,container,16,8
campplus_zh,idle,0,0,8,5.0,20.9923184957006,22.328249004203826,20.90433001285419,27.06981700612232,50,True,container,16,8
eres2net_base_200k,idle,0,0,1,1.0,29.5200719992863,30.70813800150063,29.43135000532493,31.03648500109557,50,True,container,16,8
eres2net_base_200k,idle,0,0,1,2.0,57.61735449777916,59.729177999543026,57.475955996778794,61.17241599713452,50,True,container,16,8
eres2net_base_200k,idle,0,0,1,3.0,87.38269199966453,91.26319699862506,87.21346000675112,91.63633399293758,50,True,container,16,8
eres2net_base_200k,idle,0,0,1,5.0,150.80186299746856,157.78849500929937,150.31592300510965,160.12634900107514,50,True,container,16,8
eres2net_base_200k,idle,0,0,2,1.0,16.85791150521254,16.995414000120945,16.812881993246265,17.114543996285647,50,True,container,16,8
eres2net_base_200k,idle,0,0,2,2.0,32.03371800191235,33.11751899309456,31.94264500052668,35.64512099546846,50,True,container,16,8
eres2net_base_200k,idle,0,0,2,3.0,48.35052549606189,52.02028399799019,48.150442002224736,52.84477400709875,50,True,container,16,8
eres2net_base_200k,idle,0,0,2,5.0,86.13634949870175,92.22404900356196,85.80092700140085,92.7107189927483,50,True,container,16,8
eres2net_base_200k,idle,0,0,8,1.0,8.93773549614707,8.987598004750907,8.882467998773791,9.007532993564382,50,True,container,16,8
eres2net_base_200k,idle,0,0,8,2.0,15.272385498974472,15.884180000284687,15.203164002741687,17.90338399587199,50,True,container,16,8
eres2net_base_200k,idle,0,0,8,3.0,22.672992003208492,23.74319199589081,22.565007995581254,24.845768988598138,50,True,container,16,8
eres2net_base_200k,idle,0,0,8,5.0,47.41988999739988,51.313921008841135,47.13172800256871,52.00177700316999,50,True,container,16,8
wespeaker_zh_cnceleb,idle,0,0,1,1.0,30.513352998241317,31.176322008832358,30.451547005213797,31.86342700792011,50,True,container,16,8
wespeaker_zh_cnceleb,idle,0,0,1,2.0,60.28639499709243,61.87724800838623,60.19551800272893,62.9965150001226,50,True,container,16,8
wespeaker_zh_cnceleb,idle,0,0,1,3.0,90.44898150750669,91.53394299210049,90.3475449886173,92.56093499425333,50,True,container,16,8
wespeaker_zh_cnceleb,idle,0,0,1,5.0,150.6170639913762,153.5322690033354,150.45236199512146,154.71174800768495,50,True,container,16,8
wespeaker_zh_cnceleb,idle,0,0,2,1.0,16.341221002221573,17.496257001766935,16.258980002021417,17.751966006471775,50,True,container,16,8
wespeaker_zh_cnceleb,idle,0,0,2,2.0,32.229449003352784,33.55177800403908,31.941016000928357,34.62598400074057,50,True,container,16,8
wespeaker_zh_cnceleb,idle,0,0,2,3.0,48.02921749796951,50.225211001816206,47.76938699069433,50.85913299990352,50,True,container,16,8
wespeaker_zh_cnceleb,idle,0,0,2,5.0,79.81183999800123,82.09670199721586,79.45517099869903,84.44871100073215,50,True,container,16,8
wespeaker_zh_cnceleb,idle,0,0,8,1.0,6.196495502081234,6.354698009090498,6.135150004411116,6.505626006401144,50,True,container,16,8
wespeaker_zh_cnceleb,idle,0,0,8,2.0,11.567216999537777,11.65309599309694,11.523117005708627,11.762901005567983,50,True,container,16,8
wespeaker_zh_cnceleb,idle,0,0,8,3.0,16.95634549832903,17.024253989802673,16.91327198932413,17.172239007777534,50,True,container,16,8
wespeaker_zh_cnceleb,idle,0,0,8,5.0,27.85218649660237,28.71079699252732,27.763045000028796,28.991511993808672,50,True,container,16,8
eres2netv2,contended-stt4,4,2,1,1.0,102.5315654987935,196.42004900379106,84.20208799361717,202.98388801165856,50,True,container,16,8
eres2netv2,contended-stt4,4,2,1,2.0,191.9697970006382,298.16772099002264,183.88889599009417,303.44080900249537,50,True,container,16,8
eres2netv2,contended-stt4,4,2,1,3.0,306.2026035040617,590.1454409904545,280.30051599489525,614.2714089946821,50,True,container,16,8
eres2netv2,contended-stt4,4,2,1,5.0,527.0121174980886,1017.2954989975551,473.08291199442465,1047.432146006031,50,False,container,16,8
eres2netv2,contended-stt4,4,2,2,1.0,101.33961099927546,153.9074839965906,50.54437099897768,172.34700398694258,50,True,container,16,8
eres2netv2,contended-stt4,4,2,2,2.0,175.30552399693988,278.8082269980805,105.4673300095601,367.9366839933209,50,True,container,16,8
eres2netv2,contended-stt4,4,2,2,3.0,220.26190299220616,359.1500559996348,158.36323700204957,445.1304840040393,50,True,container,16,8
eres2netv2,contended-stt4,4,2,2,5.0,395.53967499523424,619.1392109903973,287.3252729914384,681.966267991811,50,True,container,16,8
eres2netv2,contended-stt4,4,2,8,1.0,86.30558699951507,140.073181988555,52.291757994680665,163.25288799998816,50,True,container,16,8
eres2netv2,contended-stt4,4,2,8,2.0,179.07543900219025,278.2066859945189,114.3680279928958,287.6943349983776,50,True,container,16,8
eres2netv2,contended-stt4,4,2,8,3.0,250.68169099540683,387.3488879908109,161.0238880093675,425.6649419985479,50,True,container,16,8
eres2netv2,contended-stt4,4,2,8,5.0,417.68554400186986,556.9410899915965,276.46768299746327,576.2862239935203,50,True,container,16,8
campplus,contended-stt4,4,2,1,1.0,20.842409998294897,38.06409900425933,16.00934199814219,39.60020399244968,50,True,container,16,8
campplus,contended-stt4,4,2,1,2.0,60.56525150052039,68.6921419983264,30.79781999986153,88.30826300254557,50,True,container,16,8
campplus,contended-stt4,4,2,1,3.0,47.48695450689411,89.94340601202566,42.04593400936574,93.70521499658935,50,True,container,16,8
campplus,contended-stt4,4,2,1,5.0,89.43102049670415,167.92702498787548,68.2743310026126,177.2843969956739,50,True,container,16,8
campplus,contended-stt4,4,2,2,1.0,28.07770900108153,31.1985689913854,21.881761000258848,36.01049199642148,50,True,container,16,8
campplus,contended-stt4,4,2,2,2.0,43.6129845038522,57.97157099004835,21.39218500815332,60.47601599129848,50,True,container,16,8
campplus,contended-stt4,4,2,2,3.0,72.39218500762945,126.86494299850892,41.500118997646496,133.35289199312683,50,True,container,16,8
campplus,contended-stt4,4,2,2,5.0,65.49014600022929,102.42155600280967,45.08284499752335,112.29228899173904,50,True,container,16,8
campplus,contended-stt4,4,2,8,1.0,33.82059049909003,46.20683800021652,16.739861006499268,63.352915007271804,50,True,container,16,8
campplus,contended-stt4,4,2,8,2.0,49.43331850518007,76.72153400199022,37.28723499807529,81.28966500225943,50,True,container,16,8
campplus,contended-stt4,4,2,8,3.0,67.914210500021,93.13723599188961,42.48428100254387,100.04183500132058,50,True,container,16,8
campplus,contended-stt4,4,2,8,5.0,74.60759799869265,122.6995270117186,50.4222859890433,156.00870001071598,50,True,container,16,8
wespeaker_en,contended-stt4,4,2,1,1.0,37.46290900016902,43.084479999379255,17.921959995874204,47.163562005152926,50,True,container,16,8
wespeaker_en,contended-stt4,4,2,1,2.0,65.52070400357479,73.95017499220558,31.761028003529646,85.14047799690161,50,True,container,16,8
wespeaker_en,contended-stt4,4,2,1,3.0,47.55645999830449,96.65379200305324,42.37292100151535,109.24317900207825,50,True,container,16,8
wespeaker_en,contended-stt4,4,2,1,5.0,77.54944949556375,154.62973499961663,68.07345699053258,158.02311099832878,50,True,container,16,8
wespeaker_en,contended-stt4,4,2,2,1.0,16.18752099602716,35.23927999776788,13.058925003861077,53.11901000095531,50,True,container,16,8
wespeaker_en,contended-stt4,4,2,2,2.0,31.636470499506686,62.33982900448609,21.112672999151982,76.67050500458572,50,True,container,16,8
wespeaker_en,contended-stt4,4,2,2,3.0,66.53105150326155,85.64687801117543,31.637027990655042,89.64816700608935,50,True,container,16,8
wespeaker_en,contended-stt4,4,2,2,5.0,51.81243749393616,131.8095530004939,44.51800500100944,143.05281100678258,50,True,container,16,8
wespeaker_en,contended-stt4,4,2,8,1.0,23.730126493319403,53.75861100037582,15.683170000556856,55.655909003689885,50,True,container,16,8
wespeaker_en,contended-stt4,4,2,8,2.0,53.432888504175935,71.19572399824392,28.170949997729622,83.71268500923179,50,True,container,16,8
wespeaker_en,contended-stt4,4,2,8,3.0,47.15408300398849,72.06853799289092,31.57691500382498,92.68568900006358,50,True,container,16,8
wespeaker_en,contended-stt4,4,2,8,5.0,76.63936199969612,159.88394401210826,47.05973599629942,161.87595199153293,50,True,container,16,8
campplus_zh,contended-stt4,4,2,1,1.0,19.53763000346953,38.82400500879157,17.617714998777956,42.952385992975906,50,True,container,16,8
campplus_zh,contended-stt4,4,2,1,2.0,35.466366993205156,75.81469100841787,29.125272994861007,81.06914900417905,50,True,container,16,8
campplus_zh,contended-stt4,4,2,1,3.0,45.31267349375412,87.11091399891302,42.369837989099324,92.59463300986681,50,True,container,16,8
campplus_zh,contended-stt4,4,2,1,5.0,114.90976050845347,157.71997199044563,67.92388099711388,170.16324699216057,50,True,container,16,8
campplus_zh,contended-stt4,4,2,2,1.0,36.67024400783703,50.08936200465541,16.470884991576895,58.26842201349791,50,True,container,16,8
campplus_zh,contended-stt4,4,2,2,2.0,48.4745989961084,73.03118798881769,29.954906000057235,82.8702639992116,50,True,container,16,8
campplus_zh,contended-stt4,4,2,2,3.0,39.77638699871022,63.66352298937272,29.63374300452415,68.13618399610277,50,True,container,16,8
campplus_zh,contended-stt4,4,2,2,5.0,82.90866400056984,150.08587700140197,45.264651998877525,155.59894300531596,50,True,container,16,8
campplus_zh,contended-stt4,4,2,8,1.0,41.98640699905809,48.27747501258273,25.934495992260054,51.50018699350767,50,True,container,16,8
campplus_zh,contended-stt4,4,2,8,2.0,39.50803500629263,75.51558800332714,22.12143699580338,79.25560598960146,50,True,container,16,8
campplus_zh,contended-stt4,4,2,8,3.0,61.97138450079365,93.62785299890675,24.82355099346023,95.67536700342316,50,True,container,16,8
campplus_zh,contended-stt4,4,2,8,5.0,74.06816849834286,114.84668600314762,44.70342899730895,141.08584998757578,50,True,container,16,8
eres2net_base_200k,contended-stt4,4,2,1,1.0,39.373690997308586,83.71870500559453,36.17678700538818,95.5001989932498,50,True,container,16,8
eres2net_base_200k,contended-stt4,4,2,1,2.0,94.65316899877507,168.0272739904467,71.60509399545845,181.06127899955027,50,True,container,16,8
eres2net_base_200k,contended-stt4,4,2,1,3.0,134.63863749348093,245.82699299207889,109.15576899424195,273.34977500140667,50,True,container,16,8
eres2net_base_200k,contended-stt4,4,2,1,5.0,222.1581494959537,419.1948079969734,193.1190220057033,449.6875530021498,50,True,container,16,8
eres2net_base_200k,contended-stt4,4,2,2,1.0,47.842065505392384,78.53812800021842,23.301891997107305,90.4216089984402,50,True,container,16,8
eres2net_base_200k,contended-stt4,4,2,2,2.0,56.61755199980689,99.95153000636492,41.96995600068476,101.46825099946,50,True,container,16,8
eres2net_base_200k,contended-stt4,4,2,2,3.0,74.8135044996161,159.3140180048067,64.29505298729055,162.57673299696762,50,True,container,16,8
eres2net_base_200k,contended-stt4,4,2,2,5.0,144.64264499838464,249.65595100366045,116.91167298704386,260.9419509972213,50,True,container,16,8
eres2net_base_200k,contended-stt4,4,2,8,1.0,36.84035499463789,52.95859400939662,25.108271001954563,53.99641800613608,50,True,container,16,8
eres2net_base_200k,contended-stt4,4,2,8,2.0,72.15230799920391,124.5473739982117,40.95600900473073,143.7841120059602,50,True,container,16,8
eres2net_base_200k,contended-stt4,4,2,8,3.0,101.93334649375174,168.06051701132674,69.86145400151145,186.99929199647158,50,True,container,16,8
eres2net_base_200k,contended-stt4,4,2,8,5.0,191.17346400162205,296.1492489994271,133.59669999044854,337.80952900997363,50,True,container,16,8
wespeaker_zh_cnceleb,contended-stt4,4,2,1,1.0,48.022545997810084,78.53310700738803,35.04186098871287,78.63645801262464,50,True,container,16,8
wespeaker_zh_cnceleb,contended-stt4,4,2,1,2.0,77.83915400068508,151.43104900198523,70.51030000729952,159.27120400010608,50,True,container,16,8
wespeaker_zh_cnceleb,contended-stt4,4,2,1,3.0,111.99740900337929,195.3273199906107,105.89739900024142,220.22963299241383,50,True,container,16,8
wespeaker_zh_cnceleb,contended-stt4,4,2,1,5.0,245.89696550538065,397.16280599532183,182.9112239938695,402.89374100393616,50,True,container,16,8
wespeaker_zh_cnceleb,contended-stt4,4,2,2,1.0,30.37725900503574,76.36837499740068,19.016983002074994,77.91626401012763,50,True,container,16,8
wespeaker_zh_cnceleb,contended-stt4,4,2,2,2.0,42.73879799438873,82.09050900768489,37.541527999565005,104.05881000042427,50,True,container,16,8
wespeaker_zh_cnceleb,contended-stt4,4,2,2,3.0,110.36041900661075,180.0615639949683,57.20554100116715,192.4751920014387,50,True,container,16,8
wespeaker_zh_cnceleb,contended-stt4,4,2,2,5.0,125.67877100082114,246.55672399967443,101.58670799864922,296.550284998375,50,True,container,16,8
wespeaker_zh_cnceleb,contended-stt4,4,2,8,1.0,47.19276849209564,67.11406700196676,23.285649993340485,78.94319901242852,50,True,container,16,8
wespeaker_zh_cnceleb,contended-stt4,4,2,8,2.0,54.08477350283647,106.4324869948905,39.03236601036042,109.31223799707368,50,True,container,16,8
wespeaker_zh_cnceleb,contended-stt4,4,2,8,3.0,78.9362620052998,118.26919199666008,57.68684898794163,132.65040999976918,50,True,container,16,8
wespeaker_zh_cnceleb,contended-stt4,4,2,8,5.0,120.40508700010832,185.96031299966853,89.94191599776968,216.87854500487447,50,True,container,16,8
eres2netv2,contended-stt8,8,2,1,1.0,266.317778499797,304.2553319974104,145.02271999663208,378.07156798953656,50,True,container,16,8
eres2netv2,contended-stt8,8,2,1,2.0,515.3096459980588,559.4463150046067,204.27273100358434,608.8514790026238,50,True,container,16,8
eres2netv2,contended-stt8,8,2,1,3.0,769.366799009731,882.6865839946549,266.39717401121743,923.998557991581,50,False,container,16,8
eres2netv2,contended-stt8,8,2,1,5.0,1232.507380998868,1464.7718210035237,450.4954150033882,1480.1773359940853,50,False,container,16,8
eres2netv2,contended-stt8,8,2,2,1.0,208.29166899784468,287.72705599840265,104.521286993986,321.84395399235655,50,True,container,16,8
eres2netv2,contended-stt8,8,2,2,2.0,453.4711844971753,548.7576599989552,321.6993530077161,592.8817439998966,50,True,container,16,8
eres2netv2,contended-stt8,8,2,2,3.0,596.1656990039046,751.8738630024018,340.9933210059535,821.0317650082288,50,False,container,16,8
eres2netv2,contended-stt8,8,2,2,5.0,934.9230185034685,1057.8942440042738,646.1018300033174,1180.25820699404,50,False,container,16,8
eres2netv2,contended-stt8,8,2,8,1.0,224.10695449070772,287.0593209954677,106.99680699326564,302.1303830028046,50,True,container,16,8
eres2netv2,contended-stt8,8,2,8,2.0,429.7021919992403,514.4443460012553,287.3116690025199,589.9413360020844,50,True,container,16,8
eres2netv2,contended-stt8,8,2,8,3.0,573.0457270037732,752.2958180052228,312.70349500118755,814.5144139998592,50,False,container,16,8
eres2netv2,contended-stt8,8,2,8,5.0,925.6115399984992,1085.2911389956716,684.6735080034705,1109.5002009969903,50,False,container,16,8
campplus,contended-stt8,8,2,1,1.0,53.81665599998087,67.6998970011482,33.76677200139966,82.95015100156888,50,True,container,16,8
campplus,contended-stt8,8,2,1,2.0,89.9137494925526,100.87096699862741,29.583893992821686,120.59391300135758,50,True,container,16,8
campplus,contended-stt8,8,2,1,3.0,127.50240550667513,143.33125099074095,84.56791199569125,158.90206099720672,50,True,container,16,8
campplus,contended-stt8,8,2,1,5.0,171.16436299693305,217.46678699855693,70.12216300063301,221.48488399398047,50,True,container,16,8
campplus,contended-stt8,8,2,2,1.0,44.06873249536147,60.42313200305216,17.937045995495282,65.2975920093013,50,True,container,16,8
campplus,contended-stt8,8,2,2,2.0,68.59717099723639,96.599172000424,26.53143199859187,120.78595400089398,50,True,container,16,8
campplus,contended-stt8,8,2,2,3.0,114.00054549449123,140.13057699776255,67.23799600149505,142.0424149982864,50,True,container,16,8
campplus,contended-stt8,8,2,2,5.0,159.7647095040884,216.20075900864322,80.49001199833583,232.07938300038222,50,True,container,16,8
campplus,contended-stt8,8,2,8,1.0,61.62899149785517,74.82775500102434,38.33750099875033,87.11488299013581,50,True,container,16,8
campplus,contended-stt8,8,2,8,2.0,90.45361500466242,109.09803699178156,54.76603299030103,115.69553600565996,50,True,container,16,8
campplus,contended-stt8,8,2,8,3.0,116.9147960099508,169.51248899567872,72.83499000186566,188.82674099586438,50,True,container,16,8
campplus,contended-stt8,8,2,8,5.0,187.52144499740098,276.27771500556264,134.67654598935042,288.9284210104961,50,True,container,16,8
wespeaker_en,contended-stt8,8,2,1,1.0,44.43035200529266,61.0123930091504,18.31995700194966,67.35054199816659,50,True,container,16,8
wespeaker_en,contended-stt8,8,2,1,2.0,90.12915149651235,101.58530599437654,58.615891000954434,112.28011800267268,50,True,container,16,8
wespeaker_en,contended-stt8,8,2,1,3.0,129.95617800334003,147.89080999617,42.02668600191828,186.19133000902366,50,True,container,16,8
wespeaker_en,contended-stt8,8,2,1,5.0,199.9636064938386,213.97009100473952,65.76220599527005,216.90485699218698,50,True,container,16,8
wespeaker_en,contended-stt8,8,2,2,1.0,45.82566400495125,62.5846139882924,38.55253699293826,65.66344399470836,50,True,container,16,8
wespeaker_en,contended-stt8,8,2,2,2.0,89.43899149744539,106.13054400891997,57.0209249999607,119.0101430111099,50,True,container,16,8
wespeaker_en,contended-stt8,8,2,2,3.0,119.40156650234712,144.55485799408052,85.4761079972377,169.18509000970516,50,True,container,16,8
wespeaker_en,contended-stt8,8,2,2,5.0,174.00745149643626,219.25935099716298,84.4531370094046,247.2248579870211,50,True,container,16,8
wespeaker_en,contended-stt8,8,2,8,1.0,68.37568451010156,82.11970599950291,37.21528299502097,87.81599400390405,50,True,container,16,8
wespeaker_en,contended-stt8,8,2,8,2.0,88.40749700902961,123.84801800362766,46.3480860053096,132.0673089940101,50,True,container,16,8
wespeaker_en,contended-stt8,8,2,8,3.0,107.2713620014838,134.84649099700619,42.566939009702764,141.8175679864362,50,True,container,16,8
wespeaker_en,contended-stt8,8,2,8,5.0,184.52718800108414,225.40960300830193,82.78302199323662,243.8348879950354,50,True,container,16,8
campplus_zh,contended-stt8,8,2,1,1.0,36.07634749641875,43.391719009377994,17.560179010615684,54.58914900373202,50,True,container,16,8
campplus_zh,contended-stt8,8,2,1,2.0,79.88653649954358,99.39529000257608,58.5086780047277,100.9947819984518,50,True,container,16,8
campplus_zh,contended-stt8,8,2,1,3.0,118.10025800514268,142.8792990045622,66.23627898807172,166.7444620106835,50,True,container,16,8
campplus_zh,contended-stt8,8,2,1,5.0,206.49517799756723,223.36184000596404,132.57957699534018,243.2252900034655,50,True,container,16,8
campplus_zh,contended-stt8,8,2,2,1.0,54.42670499905944,71.93012599600479,35.51310299371835,75.03840100253001,50,True,container,16,8
campplus_zh,contended-stt8,8,2,2,2.0,88.36541450727964,125.12385800073389,53.993754991097376,136.77037799789105,50,True,container,16,8
campplus_zh,contended-stt8,8,2,2,3.0,100.06421949947253,139.94683900091331,45.68007199850399,214.68965700478293,50,True,container,16,8
campplus_zh,contended-stt8,8,2,2,5.0,161.1927635021857,226.62770200986415,91.03972300363239,261.76677699550055,50,True,container,16,8
campplus_zh,contended-stt8,8,2,8,1.0,62.48805450013606,88.74948899028823,43.10011999041308,98.12567599874455,50,True,container,16,8
campplus_zh,contended-stt8,8,2,8,2.0,91.44152399676386,110.56020599789917,60.21034800505731,129.93567700323183,50,True,container,16,8
campplus_zh,contended-stt8,8,2,8,3.0,116.47923049895326,147.07955400808714,72.08894401264843,155.26821900857612,50,True,container,16,8
campplus_zh,contended-stt8,8,2,8,5.0,176.31438199896365,262.5122850004118,57.66345901065506,285.3666559967678,50,True,container,16,8
eres2net_base_200k,contended-stt8,8,2,1,1.0,108.4317650020239,135.8967069973005,76.43178600119427,159.39780400367454,50,True,container,16,8
eres2net_base_200k,contended-stt8,8,2,1,2.0,145.19979700708063,224.5334970066324,68.12305600033142,277.0236889919033,50,True,container,16,8
eres2net_base_200k,contended-stt8,8,2,1,3.0,323.9421475009294,354.99151799012907,181.85451500175986,375.3695810009958,50,True,container,16,8
eres2net_base_200k,contended-stt8,8,2,1,5.0,549.6527995055658,615.2070850075688,182.5446400034707,693.5455280035967,50,True,container,16,8
eres2net_base_200k,contended-stt8,8,2,2,1.0,74.78588200319791,110.81744800321758,45.31856399262324,155.18956999585498,50,True,container,16,8
eres2net_base_200k,contended-stt8,8,2,2,2.0,175.46255499473773,248.94941500679124,124.93548799830023,299.05409799539484,50,True,container,16,8
eres2net_base_200k,contended-stt8,8,2,2,3.0,258.4762255064561,353.0537830083631,142.0140299887862,407.07324899267405,50,True,container,16,8
eres2net_base_200k,contended-stt8,8,2,2,5.0,421.0330149944639,539.9006250081584,293.9115059998585,541.4167169947177,50,True,container,16,8
eres2net_base_200k,contended-stt8,8,2,8,1.0,97.67766699951608,141.35693199932575,54.65621799521614,145.95450799970422,50,True,container,16,8
eres2net_base_200k,contended-stt8,8,2,8,2.0,191.85133100108942,259.8269599984633,118.69856000703294,283.63501600688323,50,True,container,16,8
eres2net_base_200k,contended-stt8,8,2,8,3.0,281.605734002369,384.08388500101864,167.58689099515323,386.8972510099411,50,True,container,16,8
eres2net_base_200k,contended-stt8,8,2,8,5.0,472.05675700388383,587.6816509990022,331.2864030012861,647.9382359975716,50,True,container,16,8
wespeaker_zh_cnceleb,contended-stt8,8,2,1,1.0,108.49611899902811,152.6460750028491,35.14382100547664,168.99109400401358,50,True,container,16,8
wespeaker_zh_cnceleb,contended-stt8,8,2,1,2.0,208.72943400172517,269.43941399804316,97.80401301395614,324.3568379984936,50,True,container,16,8
wespeaker_zh_cnceleb,contended-stt8,8,2,1,3.0,314.77424150216393,348.74089799996,210.15765699848998,419.6532060013851,50,True,container,16,8
wespeaker_zh_cnceleb,contended-stt8,8,2,1,5.0,449.70601499517215,538.5056429950055,173.06368899880908,573.5887900082162,50,True,container,16,8
wespeaker_zh_cnceleb,contended-stt8,8,2,2,1.0,78.38134500343585,135.86044299881905,42.169037988060154,143.0044779990567,50,True,container,16,8
wespeaker_zh_cnceleb,contended-stt8,8,2,2,2.0,163.1549384983373,217.64527300547343,109.7427799977595,226.89952798828017,50,True,container,16,8
wespeaker_zh_cnceleb,contended-stt8,8,2,2,3.0,210.87178550078534,287.77552499377634,118.58853499870747,307.9420699941693,50,True,container,16,8
wespeaker_zh_cnceleb,contended-stt8,8,2,2,5.0,314.08042700059013,427.07849899306893,251.45332400279585,480.06704199360684,50,True,container,16,8
wespeaker_zh_cnceleb,contended-stt8,8,2,8,1.0,96.19732900318922,131.84074399759993,61.671692004892975,166.58762299630325,50,True,container,16,8
wespeaker_zh_cnceleb,contended-stt8,8,2,8,2.0,161.9969880048302,209.93609499419108,96.20106600050349,222.89684299903456,50,True,container,16,8
wespeaker_zh_cnceleb,contended-stt8,8,2,8,3.0,226.2039220004226,325.0314179895213,151.89323999220505,364.15048300113995,50,True,container,16,8
wespeaker_zh_cnceleb,contended-stt8,8,2,8,5.0,325.4955715019605,439.2871669988381,209.66036399477161,459.4591159984702,50,True,container,16,8
